{"v":"4.8.0","meta":{"g":"LottieFiles AE 3.5.1","a":"","k":"","d":"","tc":""},"fr":29.9700012207031,"ip":0,"op":225.000009164438,"w":320,"h":198,"nm":"select dark","ddd":0,"assets":[{"id":"comp_0","layers":[{"ddd":0,"ind":1,"ty":4,"nm":"tap Outlines","sr":1,"ks":{"o":{"a":1,"k":[{"i":{"x":[0.833],"y":[0.833]},"o":{"x":[0.167],"y":[0.167]},"t":0,"s":[0]},{"i":{"x":[0.833],"y":[0.833]},"o":{"x":[0.167],"y":[0.167]},"t":20,"s":[100]},{"t":40.0000016292334,"s":[0]}],"ix":11},"r":{"a":0,"k":0,"ix":10},"p":{"a":0,"k":[19.938,19.54,0],"ix":2},"a":{"a":0,"k":[16,16,0],"ix":1},"s":{"a":1,"k":[{"i":{"x":[0,0,0.667],"y":[1,1,1]},"o":{"x":[1,1,0.333],"y":[0,0,0]},"t":0,"s":[0,0,100]},{"i":{"x":[0.821,0.821,0.821],"y":[1,1,1]},"o":{"x":[0.16,0.16,0.16],"y":[0,0,0]},"t":20,"s":[120,120,100]},{"t":40.0000016292334,"s":[100,100,100]}],"ix":6}},"ao":0,"shapes":[{"ty":"gr","it":[{"ind":0,"ty":"sh","ix":1,"ks":{"a":0,"k":{"i":[[-8.837,0],[0,0],[0,-8.837],[8.837,0],[0,8.837]],"o":[[0,0],[8.837,0],[0,8.837],[-8.837,0],[0,-8.837]],"v":[[0,-16],[0,-16],[16,0],[0,16],[-16,0]],"c":true},"ix":2},"nm":"Path 1","mn":"ADBE Vector Shape - Group","hd":false},{"ty":"mm","mm":4,"nm":"Merge Paths 1","mn":"ADBE Vector Filter - Merge","hd":false},{"ty":"fl","c":{"a":0,"k":[0.38431372549,0.38431372549,0.38431372549,1],"ix":4},"o":{"a":0,"k":100,"ix":5},"r":1,"bm":0,"nm":"Fill 1","mn":"ADBE Vector Graphic - Fill","hd":false},{"ty":"tr","p":{"a":0,"k":[16,16],"ix":2},"a":{"a":0,"k":[0,0],"ix":1},"s":{"a":0,"k":[100,100],"ix":3},"r":{"a":0,"k":0,"ix":6},"o":{"a":0,"k":60,"ix":7},"sk":{"a":0,"k":0,"ix":4},"sa":{"a":0,"k":0,"ix":5},"nm":"Transform"}],"nm":"Group 1","np":3,"cix":2,"bm":0,"ix":1,"mn":"ADBE Vector Group","hd":false}],"ip":0,"op":40.0000016292334,"st":-23.0000009368092,"bm":0}]}],"layers":[{"ddd":0,"ind":1,"ty":0,"nm":"tap light","refId":"comp_0","sr":1,"ks":{"o":{"a":0,"k":100,"ix":11},"r":{"a":0,"k":0,"ix":10},"p":{"a":0,"k":[125.5,41,0],"ix":2},"a":{"a":0,"k":[20,20,0],"ix":1},"s":{"a":0,"k":[100,100,100],"ix":6}},"ao":0,"w":40,"h":40,"ip":123.000005009893,"op":163.000006639126,"st":123.000005009893,"bm":0},{"ddd":0,"ind":2,"ty":0,"nm":"tap light","refId":"comp_0","sr":1,"ks":{"o":{"a":0,"k":100,"ix":11},"r":{"a":0,"k":0,"ix":10},"p":{"a":0,"k":[48.5,158.5,0],"ix":2},"a":{"a":0,"k":[20,20,0],"ix":1},"s":{"a":0,"k":[100,100,100],"ix":6}},"ao":0,"w":40,"h":40,"ip":0,"op":40.0000016292334,"st":0,"bm":0},{"ddd":0,"ind":3,"ty":4,"nm":"line1-3 Outlines","sr":1,"ks":{"o":{"a":0,"k":100,"ix":11},"r":{"a":0,"k":0,"ix":10},"p":{"a":1,"k":[{"i":{"x":0.667,"y":1},"o":{"x":0.333,"y":0},"t":50,"s":[245,40.5,0],"to":[0,0,0],"ti":[0,0,0]},{"i":{"x":0.667,"y":0.667},"o":{"x":0.333,"y":0.333},"t":68,"s":[258.25,40.5,0],"to":[0,0,0],"ti":[0,0,0]},{"i":{"x":0.667,"y":1},"o":{"x":0.333,"y":0},"t":163,"s":[258.25,40.5,0],"to":[0,0,0],"ti":[0,0,0]},{"t":180.00000733155,"s":[245.125,40.5,0]}],"ix":2},"a":{"a":0,"k":[38.25,7.25,0],"ix":1},"s":{"a":0,"k":[100,100,100],"ix":6}},"ao":0,"shapes":[{"ty":"gr","it":[{"ind":0,"ty":"sh","ix":1,"ks":{"a":0,"k":{"i":[[2.209,0],[0,0],[0,-2.209],[0,0],[-2.209,0],[0,0],[0,2.209],[0,0]],"o":[[0,0],[-2.209,0],[0,0],[0,2.209],[0,0],[2.209,0],[0,0],[0,-2.209]],"v":[[34,-7],[-34,-7],[-38,-3],[-38,3],[-34,7],[34,7],[38,3],[38,-3]],"c":true},"ix":2},"nm":"Path 1","mn":"ADBE Vector Shape - Group","hd":false},{"ty":"fl","c":{"a":0,"k":[0.266666666667,0.266666666667,0.266666666667,1],"ix":4},"o":{"a":0,"k":100,"ix":5},"r":1,"bm":0,"nm":"Fill 1","mn":"ADBE Vector Graphic - Fill","hd":false},{"ty":"tr","p":{"a":0,"k":[38.25,7.25],"ix":2},"a":{"a":0,"k":[0,0],"ix":1},"s":{"a":0,"k":[100,100],"ix":3},"r":{"a":0,"k":0,"ix":6},"o":{"a":0,"k":100,"ix":7},"sk":{"a":0,"k":0,"ix":4},"sa":{"a":0,"k":0,"ix":5},"nm":"Transform"}],"nm":"Group 1","np":2,"cix":2,"bm":0,"ix":1,"mn":"ADBE Vector Group","hd":false}],"ip":0,"op":225.000009164438,"st":0,"bm":0},{"ddd":0,"ind":4,"ty":4,"nm":"line1-2 Outlines","sr":1,"ks":{"o":{"a":0,"k":100,"ix":11},"r":{"a":0,"k":0,"ix":10},"p":{"a":1,"k":[{"i":{"x":0.667,"y":1},"o":{"x":0.333,"y":0},"t":50,"s":[175.5,40.5,0],"to":[0,0,0],"ti":[0,0,0]},{"i":{"x":0.667,"y":0.667},"o":{"x":0.333,"y":0.333},"t":68,"s":[188.75,40.5,0],"to":[0,0,0],"ti":[0,0,0]},{"i":{"x":0.667,"y":1},"o":{"x":0.333,"y":0},"t":163,"s":[188.75,40.5,0],"to":[0,0,0],"ti":[0,0,0]},{"t":180.00000733155,"s":[175.625,40.5,0]}],"ix":2},"a":{"a":0,"k":[21.75,7.25,0],"ix":1},"s":{"a":0,"k":[100,100,100],"ix":6}},"ao":0,"shapes":[{"ty":"gr","it":[{"ind":0,"ty":"sh","ix":1,"ks":{"a":0,"k":{"i":[[2.209,0],[0,0],[0,-2.209],[0,0],[-2.209,0],[0,0],[0,2.209],[0,0]],"o":[[0,0],[-2.209,0],[0,0],[0,2.209],[0,0],[2.209,0],[0,0],[0,-2.209]],"v":[[17.5,-7],[-17.5,-7],[-21.5,-3],[-21.5,3],[-17.5,7],[17.5,7],[21.5,3],[21.5,-3]],"c":true},"ix":2},"nm":"Path 1","mn":"ADBE Vector Shape - Group","hd":false},{"ty":"fl","c":{"a":0,"k":[0.266666666667,0.266666666667,0.266666666667,1],"ix":4},"o":{"a":0,"k":100,"ix":5},"r":1,"bm":0,"nm":"Fill 1","mn":"ADBE Vector Graphic - Fill","hd":false},{"ty":"tr","p":{"a":0,"k":[21.75,7.25],"ix":2},"a":{"a":0,"k":[0,0],"ix":1},"s":{"a":0,"k":[100,100],"ix":3},"r":{"a":0,"k":0,"ix":6},"o":{"a":0,"k":100,"ix":7},"sk":{"a":0,"k":0,"ix":4},"sa":{"a":0,"k":0,"ix":5},"nm":"Transform"}],"nm":"Group 1","np":2,"cix":2,"bm":0,"ix":1,"mn":"ADBE Vector Group","hd":false}],"ip":0,"op":225.000009164438,"st":0,"bm":0},{"ddd":0,"ind":5,"ty":4,"nm":"gap-filled Outlines","sr":1,"ks":{"o":{"a":1,"k":[{"i":{"x":[0.833],"y":[0.833]},"o":{"x":[0.167],"y":[0.167]},"t":41,"s":[0]},{"i":{"x":[0.833],"y":[0.833]},"o":{"x":[0.167],"y":[0.167]},"t":60,"s":[100]},{"i":{"x":[0.833],"y":[0.833]},"o":{"x":[0.167],"y":[0.167]},"t":172,"s":[100]},{"t":194.000007901782,"s":[0]}],"ix":11},"r":{"a":0,"k":0,"ix":10},"p":{"a":0,"k":[119,40.5,0],"ix":2},"a":{"a":0,"k":[16.25,7.25,0],"ix":1},"s":{"a":0,"k":[100,100,100],"ix":6}},"ao":0,"shapes":[{"ty":"gr","it":[{"ind":0,"ty":"sh","ix":1,"ks":{"a":1,"k":[{"i":{"x":0.667,"y":1},"o":{"x":0.333,"y":0},"t":50,"s":[{"i":[[2.209,0],[0,0],[0,-2.209],[0,0],[-2.209,0],[0,0],[0,2.209],[0,0]],"o":[[0,0],[-2.209,0],[0,0],[0,2.209],[0,0],[2.209,0],[0,0],[0,-2.209]],"v":[[12,-7],[-12,-7],[-16,-3],[-16,3],[-12,7],[12,7],[16,3],[16,-3]],"c":true}]},{"i":{"x":0.833,"y":1},"o":{"x":0.333,"y":0},"t":69,"s":[{"i":[[2.209,0],[0,0],[0,-2.209],[0,0],[-2.209,0],[0,0],[0,2.209],[0,0]],"o":[[0,0],[-2.209,0],[0,0],[0,2.209],[0,0],[2.209,0],[0,0],[0,-2.209]],"v":[[25.5,-7],[-12,-7],[-16,-3],[-16,3],[-12,7],[25.5,7],[29.5,3],[29.5,-3]],"c":true}]},{"i":{"x":0.833,"y":1},"o":{"x":0.167,"y":0},"t":163,"s":[{"i":[[2.209,0],[0,0],[0,-2.209],[0,0],[-2.209,0],[0,0],[0,2.209],[0,0]],"o":[[0,0],[-2.209,0],[0,0],[0,2.209],[0,0],[2.209,0],[0,0],[0,-2.209]],"v":[[25.5,-7],[-12,-7],[-16,-3],[-16,3],[-12,7],[25.5,7],[29.5,3],[29.5,-3]],"c":true}]},{"t":180.00000733155,"s":[{"i":[[2.209,0],[0,0],[0,-2.209],[0,0],[-2.209,0],[0,0],[0,2.209],[0,0]],"o":[[0,0],[-2.209,0],[0,0],[0,2.209],[0,0],[2.209,0],[0,0],[0,-2.209]],"v":[[12,-7],[-12,-7],[-16,-3],[-16,3],[-12,7],[12,7],[16,3],[16,-3]],"c":true}]}],"ix":2},"nm":"Path 1","mn":"ADBE Vector Shape - Group","hd":false},{"ty":"fl","c":{"a":0,"k":[0.266666666667,0.266666666667,0.266666666667,1],"ix":4},"o":{"a":0,"k":100,"ix":5},"r":1,"bm":0,"nm":"Fill 1","mn":"ADBE Vector Graphic - Fill","hd":false},{"ty":"tr","p":{"a":0,"k":[16.25,7.25],"ix":2},"a":{"a":0,"k":[0,0],"ix":1},"s":{"a":0,"k":[100,100],"ix":3},"r":{"a":0,"k":0,"ix":6},"o":{"a":0,"k":100,"ix":7},"sk":{"a":0,"k":0,"ix":4},"sa":{"a":0,"k":0,"ix":5},"nm":"Transform"}],"nm":"Group 1","np":2,"cix":2,"bm":0,"ix":1,"mn":"ADBE Vector Group","hd":false}],"ip":0,"op":225.000009164438,"st":0,"bm":0},{"ddd":0,"ind":6,"ty":4,"nm":"gap Outlines","sr":1,"ks":{"o":{"a":0,"k":100,"ix":11},"r":{"a":0,"k":0,"ix":10},"p":{"a":0,"k":[93.875,40.5,0],"ix":2},"a":{"a":0,"k":[2.375,19,0],"ix":1},"s":{"a":0,"k":[100,100,100],"ix":6}},"ao":0,"shapes":[{"ty":"gr","it":[{"ind":0,"ty":"sh","ix":1,"ks":{"a":1,"k":[{"i":{"x":0.667,"y":1},"o":{"x":0.333,"y":0},"t":50,"s":[{"i":[[4.418,0],[0,0],[0,-4.418],[0,0],[-4.418,0],[0,0],[0,4.418],[0,0]],"o":[[0,0],[-4.418,0],[0,0],[0,4.418],[0,0],[4.418,0],[0,0],[0,-4.418]],"v":[[17,-16.5],[-17,-16.5],[-25,-8.5],[-25,8.5],[-17,16.5],[17,16.5],[25,8.5],[25,-8.5]],"c":true}]},{"i":{"x":0.833,"y":1},"o":{"x":0.333,"y":0},"t":69,"s":[{"i":[[4.418,0],[0,0],[0,-4.418],[0,0],[-4.418,0],[0,0],[0,4.418],[0,0]],"o":[[0,0],[-4.418,0],[0,0],[0,4.418],[0,0],[4.418,0],[0,0],[0,-4.418]],"v":[[30,-16.5],[-17,-16.5],[-25,-8.5],[-25,8.5],[-17,16.5],[30,16.5],[38,8.5],[38,-8.5]],"c":true}]},{"i":{"x":0.833,"y":1},"o":{"x":0.167,"y":0},"t":163,"s":[{"i":[[4.418,0],[0,0],[0,-4.418],[0,0],[-4.418,0],[0,0],[0,4.418],[0,0]],"o":[[0,0],[-4.418,0],[0,0],[0,4.418],[0,0],[4.418,0],[0,0],[0,-4.418]],"v":[[30,-16.5],[-17,-16.5],[-25,-8.5],[-25,8.5],[-17,16.5],[30,16.5],[38,8.5],[38,-8.5]],"c":true}]},{"t":180.00000733155,"s":[{"i":[[4.418,0],[0,0],[0,-4.418],[0,0],[-4.418,0],[0,0],[0,4.418],[0,0]],"o":[[0,0],[-4.418,0],[0,0],[0,4.418],[0,0],[4.418,0],[0,0],[0,-4.418]],"v":[[17,-16.5],[-17,-16.5],[-25,-8.5],[-25,8.5],[-17,16.5],[17,16.5],[25,8.5],[25,-8.5]],"c":true}]}],"ix":2},"nm":"Path 1","mn":"ADBE Vector Shape - Group","hd":false},{"ty":"st","c":{"a":1,"k":[{"i":{"x":[0.833],"y":[0.833]},"o":{"x":[0.167],"y":[0.167]},"t":41,"s":[0.364705890417,0.447058856487,0.913725554943,1]},{"i":{"x":[0.833],"y":[0.833]},"o":{"x":[0.167],"y":[0.167]},"t":60,"s":[0.627451002598,0.627451002598,0.627451002598,1]},{"i":{"x":[0.833],"y":[0.833]},"o":{"x":[0.167],"y":[0.167]},"t":172,"s":[0.627451002598,0.627451002598,0.627451002598,1]},{"t":194.000007901782,"s":[0.364705890417,0.447058826685,0.913725495338,1]}],"ix":3},"o":{"a":0,"k":100,"ix":4},"w":{"a":0,"k":1,"ix":5},"lc":1,"lj":1,"ml":10,"bm":0,"nm":"Stroke 1","mn":"ADBE Vector Graphic - Stroke","hd":false},{"ty":"fl","c":{"a":1,"k":[{"i":{"x":[0.833],"y":[0.833]},"o":{"x":[0.167],"y":[0.167]},"t":35,"s":[0.156862745098,0.156862745098,0.156862745098,1]},{"i":{"x":[0.833],"y":[0.833]},"o":{"x":[0.167],"y":[0.167]},"t":41,"s":[0.156862750649,0.156862750649,0.156862750649,1]},{"i":{"x":[0.833],"y":[0.833]},"o":{"x":[0.167],"y":[0.167]},"t":60,"s":[0.117647059262,0.117647059262,0.117647059262,1]},{"i":{"x":[0.833],"y":[0.833]},"o":{"x":[0.167],"y":[0.167]},"t":172,"s":[0.117647059262,0.117647059262,0.117647059262,1]},{"t":194.000007901782,"s":[0.156862750649,0.156862750649,0.156862750649,1]}],"ix":4},"o":{"a":0,"k":100,"ix":5},"r":1,"bm":0,"nm":"Fill 1","mn":"ADBE Vector Graphic - Fill","hd":false},{"ty":"tr","p":{"a":0,"k":[2.408,19],"ix":2},"a":{"a":0,"k":[-25.092,0],"ix":1},"s":{"a":0,"k":[100,100],"ix":3},"r":{"a":0,"k":0,"ix":6},"o":{"a":0,"k":100,"ix":7},"sk":{"a":0,"k":0,"ix":4},"sa":{"a":0,"k":0,"ix":5},"nm":"Transform"}],"nm":"Group 1","np":3,"cix":2,"bm":0,"ix":1,"mn":"ADBE Vector Group","hd":false}],"ip":0,"op":225.000009164438,"st":0,"bm":0},{"ddd":0,"ind":7,"ty":4,"nm":"line1-1 Outlines","sr":1,"ks":{"o":{"a":0,"k":100,"ix":11},"r":{"a":0,"k":0,"ix":10},"p":{"a":0,"k":[50,40.5,0],"ix":2},"a":{"a":0,"k":[34.25,7.25,0],"ix":1},"s":{"a":0,"k":[100,100,100],"ix":6}},"ao":0,"shapes":[{"ty":"gr","it":[{"ind":0,"ty":"sh","ix":1,"ks":{"a":0,"k":{"i":[[2.209,0],[0,0],[0,-2.209],[0,0],[-2.209,0],[0,0],[0,2.209],[0,0]],"o":[[0,0],[-2.209,0],[0,0],[0,2.209],[0,0],[2.209,0],[0,0],[0,-2.209]],"v":[[30,-7],[-30,-7],[-34,-3],[-34,3],[-30,7],[30,7],[34,3],[34,-3]],"c":true},"ix":2},"nm":"Path 1","mn":"ADBE Vector Shape - Group","hd":false},{"ty":"fl","c":{"a":0,"k":[0.266666666667,0.266666666667,0.266666666667,1],"ix":4},"o":{"a":0,"k":100,"ix":5},"r":1,"bm":0,"nm":"Fill 1","mn":"ADBE Vector Graphic - Fill","hd":false},{"ty":"tr","p":{"a":0,"k":[34.25,7.25],"ix":2},"a":{"a":0,"k":[0,0],"ix":1},"s":{"a":0,"k":[100,100],"ix":3},"r":{"a":0,"k":0,"ix":6},"o":{"a":0,"k":100,"ix":7},"sk":{"a":0,"k":0,"ix":4},"sa":{"a":0,"k":0,"ix":5},"nm":"Transform"}],"nm":"Group 1","np":2,"cix":2,"bm":0,"ix":1,"mn":"ADBE Vector Group","hd":false}],"ip":0,"op":225.000009164438,"st":0,"bm":0},{"ddd":0,"ind":8,"ty":4,"nm":"line2 Outlines","sr":1,"ks":{"o":{"a":0,"k":100,"ix":11},"r":{"a":0,"k":0,"ix":10},"p":{"a":0,"k":[127.5,79,0],"ix":2},"a":{"a":0,"k":[111.75,7.25,0],"ix":1},"s":{"a":0,"k":[100,100,100],"ix":6}},"ao":0,"shapes":[{"ty":"gr","it":[{"ind":0,"ty":"sh","ix":1,"ks":{"a":0,"k":{"i":[[2.209,0],[0,0],[0,-2.209],[0,0],[-2.209,0],[0,0],[0,2.209],[0,0]],"o":[[0,0],[-2.209,0],[0,0],[0,2.209],[0,0],[2.209,0],[0,0],[0,-2.209]],"v":[[46,-7],[-46,-7],[-50,-3],[-50,3],[-46,7],[46,7],[50,3],[50,-3]],"c":true},"ix":2},"nm":"Path 1","mn":"ADBE Vector Shape - Group","hd":false},{"ty":"fl","c":{"a":0,"k":[0.266666666667,0.266666666667,0.266666666667,1],"ix":4},"o":{"a":0,"k":100,"ix":5},"r":1,"bm":0,"nm":"Fill 1","mn":"ADBE Vector Graphic - Fill","hd":false},{"ty":"tr","p":{"a":0,"k":[173.25,7.25],"ix":2},"a":{"a":0,"k":[0,0],"ix":1},"s":{"a":0,"k":[100,100],"ix":3},"r":{"a":0,"k":0,"ix":6},"o":{"a":0,"k":100,"ix":7},"sk":{"a":0,"k":0,"ix":4},"sa":{"a":0,"k":0,"ix":5},"nm":"Transform"}],"nm":"Group 1","np":2,"cix":2,"bm":0,"ix":1,"mn":"ADBE Vector Group","hd":false},{"ty":"gr","it":[{"ind":0,"ty":"sh","ix":1,"ks":{"a":0,"k":{"i":[[2.209,0],[0,0],[0,-2.209],[0,0],[-2.209,0],[0,0],[0,2.209],[0,0]],"o":[[0,0],[-2.209,0],[0,0],[0,2.209],[0,0],[2.209,0],[0,0],[0,-2.209]],"v":[[39,-7],[-39,-7],[-43,-3],[-43,3],[-39,7],[39,7],[43,3],[43,-3]],"c":true},"ix":2},"nm":"Path 1","mn":"ADBE Vector Shape - Group","hd":false},{"ty":"fl","c":{"a":0,"k":[0.266666666667,0.266666666667,0.266666666667,1],"ix":4},"o":{"a":0,"k":100,"ix":5},"r":1,"bm":0,"nm":"Fill 1","mn":"ADBE Vector Graphic - Fill","hd":false},{"ty":"tr","p":{"a":0,"k":[70.25,7.25],"ix":2},"a":{"a":0,"k":[0,0],"ix":1},"s":{"a":0,"k":[100,100],"ix":3},"r":{"a":0,"k":0,"ix":6},"o":{"a":0,"k":100,"ix":7},"sk":{"a":0,"k":0,"ix":4},"sa":{"a":0,"k":0,"ix":5},"nm":"Transform"}],"nm":"Group 2","np":2,"cix":2,"bm":0,"ix":2,"mn":"ADBE Vector Group","hd":false},{"ty":"gr","it":[{"ind":0,"ty":"sh","ix":1,"ks":{"a":0,"k":{"i":[[2.209,0],[0,0],[0,-2.209],[0,0],[-2.209,0],[0,0],[0,2.209],[0,0]],"o":[[0,0],[-2.209,0],[0,0],[0,2.209],[0,0],[2.209,0],[0,0],[0,-2.209]],"v":[[4.5,-7],[-4.5,-7],[-8.5,-3],[-8.5,3],[-4.5,7],[4.5,7],[8.5,3],[8.5,-3]],"c":true},"ix":2},"nm":"Path 1","mn":"ADBE Vector Shape - Group","hd":false},{"ty":"fl","c":{"a":0,"k":[0.266666666667,0.266666666667,0.266666666667,1],"ix":4},"o":{"a":0,"k":100,"ix":5},"r":1,"bm":0,"nm":"Fill 1","mn":"ADBE Vector Graphic - Fill","hd":false},{"ty":"tr","p":{"a":0,"k":[8.75,7.25],"ix":2},"a":{"a":0,"k":[0,0],"ix":1},"s":{"a":0,"k":[100,100],"ix":3},"r":{"a":0,"k":0,"ix":6},"o":{"a":0,"k":100,"ix":7},"sk":{"a":0,"k":0,"ix":4},"sa":{"a":0,"k":0,"ix":5},"nm":"Transform"}],"nm":"Group 3","np":2,"cix":2,"bm":0,"ix":3,"mn":"ADBE Vector Group","hd":false}],"ip":0,"op":225.000009164438,"st":0,"bm":0},{"ddd":0,"ind":9,"ty":4,"nm":"back1 Outlines","sr":1,"ks":{"o":{"a":0,"k":100,"ix":11},"r":{"a":0,"k":0,"ix":10},"p":{"a":0,"k":[160,55,0],"ix":2},"a":{"a":0,"k":[160.25,55.25,0],"ix":1},"s":{"a":0,"k":[100,100,100],"ix":6}},"ao":0,"shapes":[{"ty":"gr","it":[{"ind":0,"ty":"sh","ix":1,"ks":{"a":0,"k":{"i":[[4.418,0],[0,0],[0,-4.418],[0,0],[-4.418,0],[0,0],[0,4.418],[0,0]],"o":[[0,0],[-4.418,0],[0,0],[0,4.418],[0,0],[4.418,0],[0,0],[0,-4.418]],"v":[[152,-55],[-152,-55],[-160,-47],[-160,47],[-152,55],[152,55],[160,47],[160,-47]],"c":true},"ix":2},"nm":"Path 1","mn":"ADBE Vector Shape - Group","hd":false},{"ty":"fl","c":{"a":0,"k":[0.117647058824,0.117647058824,0.117647058824,1],"ix":4},"o":{"a":0,"k":100,"ix":5},"r":1,"bm":0,"nm":"Fill 1","mn":"ADBE Vector Graphic - Fill","hd":false},{"ty":"tr","p":{"a":0,"k":[160.25,55.25],"ix":2},"a":{"a":0,"k":[0,0],"ix":1},"s":{"a":0,"k":[100,100],"ix":3},"r":{"a":0,"k":0,"ix":6},"o":{"a":0,"k":100,"ix":7},"sk":{"a":0,"k":0,"ix":4},"sa":{"a":0,"k":0,"ix":5},"nm":"Transform"}],"nm":"Group 1","np":2,"cix":2,"bm":0,"ix":1,"mn":"ADBE Vector Group","hd":false}],"ip":0,"op":225.000009164438,"st":0,"bm":0},{"ddd":0,"ind":10,"ty":4,"nm":"variant-filled Outlines","sr":1,"ks":{"o":{"a":1,"k":[{"i":{"x":[0.833],"y":[0.833]},"o":{"x":[0.167],"y":[0.167]},"t":40,"s":[100]},{"i":{"x":[0.833],"y":[0.833]},"o":{"x":[0.167],"y":[0.167]},"t":60,"s":[0]},{"i":{"x":[0.833],"y":[0.833]},"o":{"x":[0.167],"y":[0.167]},"t":163,"s":[0]},{"t":183.000007453743,"s":[100]}],"ix":11},"r":{"a":0,"k":0,"ix":10},"p":{"a":0,"k":[48,158.5,0],"ix":2},"a":{"a":0,"k":[21.148,7.25,0],"ix":1},"s":{"a":0,"k":[100,100,100],"ix":6}},"ao":0,"shapes":[{"ty":"gr","it":[{"ind":0,"ty":"sh","ix":1,"ks":{"a":0,"k":{"i":[[2.209,0],[0,0],[0,-2.209],[0,0],[-2.209,0],[0,0],[0,2.209],[0,0]],"o":[[0,0],[-2.209,0],[0,0],[0,2.209],[0,0],[2.209,0],[0,0],[0,-2.209]],"v":[[16.898,-7],[-16.898,-7],[-20.898,-3],[-20.898,3],[-16.898,7],[16.898,7],[20.898,3],[20.898,-3]],"c":true},"ix":2},"nm":"Path 1","mn":"ADBE Vector Shape - Group","hd":false},{"ty":"fl","c":{"a":0,"k":[0.266666666667,0.266666666667,0.266666666667,1],"ix":4},"o":{"a":0,"k":100,"ix":5},"r":1,"bm":0,"nm":"Fill 1","mn":"ADBE Vector Graphic - Fill","hd":false},{"ty":"tr","p":{"a":0,"k":[21.148,7.25],"ix":2},"a":{"a":0,"k":[0,0],"ix":1},"s":{"a":0,"k":[100,100],"ix":3},"r":{"a":0,"k":0,"ix":6},"o":{"a":0,"k":100,"ix":7},"sk":{"a":0,"k":0,"ix":4},"sa":{"a":0,"k":0,"ix":5},"nm":"Transform"}],"nm":"Group 1","np":2,"cix":2,"bm":0,"ix":1,"mn":"ADBE Vector Group","hd":false}],"ip":0,"op":225.000009164438,"st":0,"bm":0},{"ddd":0,"ind":11,"ty":4,"nm":"variant1 Outlines","sr":1,"ks":{"o":{"a":0,"k":100,"ix":11},"r":{"a":0,"k":0,"ix":10},"p":{"a":0,"k":[75.125,104.625,0],"ix":2},"a":{"a":0,"k":[60.125,71.375,0],"ix":1},"s":{"a":0,"k":[100,100,100],"ix":6}},"ao":0,"shapes":[{"ty":"gr","it":[{"ind":0,"ty":"sh","ix":1,"ks":{"a":0,"k":{"i":[[4.418,0],[0,0],[0,-4.418],[0,0],[-4.418,0],[0,0],[0,4.418],[0,0]],"o":[[0,0],[-4.418,0],[0,0],[0,4.418],[0,0],[4.418,0],[0,0],[0,-4.418]],"v":[[24,-16.5],[-24,-16.5],[-32,-8.5],[-32,8.5],[-24,16.5],[24,16.5],[32,8.5],[32,-8.5]],"c":true},"ix":2},"nm":"Path 1","mn":"ADBE Vector Shape - Group","hd":false},{"ty":"st","c":{"a":0,"k":[0.627451002598,0.627451002598,0.627451002598,1],"ix":3},"o":{"a":0,"k":100,"ix":4},"w":{"a":0,"k":1,"ix":5},"lc":1,"lj":1,"ml":4,"bm":0,"nm":"Stroke 1","mn":"ADBE Vector Graphic - Stroke","hd":false},{"ty":"fl","c":{"a":1,"k":[{"i":{"x":[0.833],"y":[0.833]},"o":{"x":[0.167],"y":[0.167]},"t":40,"s":[0.117647059262,0.117647059262,0.117647059262,1]},{"i":{"x":[0.833],"y":[0.833]},"o":{"x":[0.167],"y":[0.167]},"t":60,"s":[0.156862750649,0.156862750649,0.156862750649,1]},{"i":{"x":[0.833],"y":[0.833]},"o":{"x":[0.167],"y":[0.167]},"t":163,"s":[0.156862750649,0.156862750649,0.156862750649,1]},{"t":183.000007453743,"s":[0.117647059262,0.117647059262,0.117647059262,1]}],"ix":4},"o":{"a":0,"k":100,"ix":5},"r":1,"bm":0,"nm":"Fill 1","mn":"ADBE Vector Graphic - Fill","hd":false},{"ty":"tr","p":{"a":0,"k":[33,125.25],"ix":2},"a":{"a":0,"k":[0,0],"ix":1},"s":{"a":0,"k":[100,100],"ix":3},"r":{"a":0,"k":0,"ix":6},"o":{"a":0,"k":100,"ix":7},"sk":{"a":0,"k":0,"ix":4},"sa":{"a":0,"k":0,"ix":5},"nm":"Transform"}],"nm":"Group 1","np":3,"cix":2,"bm":0,"ix":1,"mn":"ADBE Vector Group","hd":false}],"ip":0,"op":225.000009164438,"st":0,"bm":0},{"ddd":0,"ind":12,"ty":4,"nm":"variant2 Outlines","sr":1,"ks":{"o":{"a":0,"k":100,"ix":11},"r":{"a":0,"k":0,"ix":10},"p":{"a":0,"k":[121.5,158.5,0],"ix":2},"a":{"a":0,"k":[25.5,17.5,0],"ix":1},"s":{"a":0,"k":[100,100,100],"ix":6}},"ao":0,"shapes":[{"ty":"gr","it":[{"ind":0,"ty":"sh","ix":1,"ks":{"a":0,"k":{"i":[[2.209,0],[0,0],[0,-2.209],[0,0],[-2.209,0],[0,0],[0,2.209],[0,0]],"o":[[0,0],[-2.209,0],[0,0],[0,2.209],[0,0],[2.209,0],[0,0],[0,-2.209]],"v":[[12,-7],[-12,-7],[-16,-3],[-16,3],[-12,7],[12,7],[16,3],[16,-3]],"c":true},"ix":2},"nm":"Path 1","mn":"ADBE Vector Shape - Group","hd":false},{"ty":"fl","c":{"a":0,"k":[0.266666666667,0.266666666667,0.266666666667,1],"ix":4},"o":{"a":0,"k":100,"ix":5},"r":1,"bm":0,"nm":"Fill 1","mn":"ADBE Vector Graphic - Fill","hd":false},{"ty":"tr","p":{"a":0,"k":[25.5,17.5],"ix":2},"a":{"a":0,"k":[0,0],"ix":1},"s":{"a":0,"k":[100,100],"ix":3},"r":{"a":0,"k":0,"ix":6},"o":{"a":0,"k":100,"ix":7},"sk":{"a":0,"k":0,"ix":4},"sa":{"a":0,"k":0,"ix":5},"nm":"Transform"}],"nm":"Group 1","np":2,"cix":2,"bm":0,"ix":1,"mn":"ADBE Vector Group","hd":false},{"ty":"gr","it":[{"ind":0,"ty":"sh","ix":1,"ks":{"a":0,"k":{"i":[[4.418,0],[0,0],[0,-4.418],[0,0],[-4.418,0],[0,0],[0,4.418],[0,0]],"o":[[0,0],[-4.418,0],[0,0],[0,4.418],[0,0],[4.418,0],[0,0],[0,-4.418]],"v":[[16.5,-16.5],[-16.5,-16.5],[-24.5,-8.5],[-24.5,8.5],[-16.5,16.5],[16.5,16.5],[24.5,8.5],[24.5,-8.5]],"c":true},"ix":2},"nm":"Path 1","mn":"ADBE Vector Shape - Group","hd":false},{"ty":"st","c":{"a":0,"k":[0.627451002598,0.627451002598,0.627451002598,1],"ix":3},"o":{"a":0,"k":100,"ix":4},"w":{"a":0,"k":1,"ix":5},"lc":1,"lj":1,"ml":4,"bm":0,"nm":"Stroke 1","mn":"ADBE Vector Graphic - Stroke","hd":false},{"ty":"tr","p":{"a":0,"k":[25.5,17.5],"ix":2},"a":{"a":0,"k":[0,0],"ix":1},"s":{"a":0,"k":[100,100],"ix":3},"r":{"a":0,"k":0,"ix":6},"o":{"a":0,"k":100,"ix":7},"sk":{"a":0,"k":0,"ix":4},"sa":{"a":0,"k":0,"ix":5},"nm":"Transform"}],"nm":"Group 2","np":2,"cix":2,"bm":0,"ix":2,"mn":"ADBE Vector Group","hd":false}],"ip":0,"op":225.000009164438,"st":0,"bm":0},{"ddd":0,"ind":13,"ty":4,"nm":"back2 Outlines","sr":1,"ks":{"o":{"a":0,"k":100,"ix":11},"r":{"a":0,"k":0,"ix":10},"p":{"a":0,"k":[160,158,0],"ix":2},"a":{"a":0,"k":[160.25,40.25,0],"ix":1},"s":{"a":0,"k":[100,100,100],"ix":6}},"ao":0,"shapes":[{"ty":"gr","it":[{"ind":0,"ty":"sh","ix":1,"ks":{"a":0,"k":{"i":[[4.418,0],[0,0],[0,-4.418],[0,0],[-4.418,0],[0,0],[0,4.418],[0,0]],"o":[[0,0],[-4.418,0],[0,0],[0,4.418],[0,0],[4.418,0],[0,0],[0,-4.418]],"v":[[152,-40],[-152,-40],[-160,-32],[-160,32],[-152,40],[152,40],[160,32],[160,-32]],"c":true},"ix":2},"nm":"Path 1","mn":"ADBE Vector Shape - Group","hd":false},{"ty":"fl","c":{"a":0,"k":[0.117647058824,0.117647058824,0.117647058824,1],"ix":4},"o":{"a":0,"k":100,"ix":5},"r":1,"bm":0,"nm":"Fill 1","mn":"ADBE Vector Graphic - Fill","hd":false},{"ty":"tr","p":{"a":0,"k":[160.25,40.25],"ix":2},"a":{"a":0,"k":[0,0],"ix":1},"s":{"a":0,"k":[100,100],"ix":3},"r":{"a":0,"k":0,"ix":6},"o":{"a":0,"k":100,"ix":7},"sk":{"a":0,"k":0,"ix":4},"sa":{"a":0,"k":0,"ix":5},"nm":"Transform"}],"nm":"Group 1","np":2,"cix":2,"bm":0,"ix":1,"mn":"ADBE Vector Group","hd":false}],"ip":0,"op":225.000009164438,"st":0,"bm":0}],"markers":[]}