{"nm":"0 limits","ddd":0,"h":120,"w":98,"meta":{"g":"LottieFiles Figma v56"},"layers":[{"ty":4,"nm":"l0 (Stroke)","sr":1,"st":0,"op":121,"ip":0,"hd":false,"ddd":0,"bm":0,"hasMask":false,"ao":0,"ks":{"a":{"a":1,"k":[{"o":{"x":0.33,"y":1},"i":{"x":0.68,"y":1},"s":[29,40],"t":0},{"o":{"x":0.33,"y":1},"i":{"x":0.68,"y":1},"s":[29,40],"t":60},{"s":[29,40],"t":120}]},"s":{"a":1,"k":[{"o":{"x":0.33,"y":1},"i":{"x":0.68,"y":1},"s":[100,100],"t":0},{"o":{"x":0.33,"y":1},"i":{"x":0.68,"y":1},"s":[100,100],"t":60},{"s":[100,100],"t":120}]},"sk":{"a":0,"k":0},"p":{"a":1,"k":[{"o":{"x":0.33,"y":1},"i":{"x":0.68,"y":1},"s":[49,60],"t":0},{"o":{"x":0.33,"y":1},"i":{"x":0.68,"y":1},"s":[49,60],"t":60},{"s":[49,60],"t":120}]},"r":{"a":1,"k":[{"o":{"x":0.33,"y":1},"i":{"x":0.68,"y":1},"s":[0],"t":0},{"o":{"x":0.33,"y":1},"i":{"x":0.68,"y":1},"s":[0],"t":60},{"s":[0],"t":120}]},"sa":{"a":0,"k":0},"o":{"a":1,"k":[{"o":{"x":0.33,"y":1},"i":{"x":0.68,"y":1},"s":[100],"t":0},{"o":{"x":0.33,"y":1},"i":{"x":0.68,"y":1},"s":[100],"t":60},{"s":[100],"t":120}]}},"ef":[],"shapes":[{"ty":"sh","bm":0,"hd":false,"nm":"","d":1,"ks":{"a":1,"k":[{"o":{"x":0.33,"y":1},"i":{"x":0.68,"y":1},"s":[{"c":false,"i":[[0,0],[0,0],[1.23,0],[0,0],[0.3,-0.78]],"o":[[0,0],[0.54,-1.41],[0,0],[-0.72,0],[0,0]],"v":[[32.18,26],[40.39,4.76],[38.66,2],[19.33,2],[17.61,3.24]]}],"t":0},{"o":{"x":0.33,"y":1},"i":{"x":0.68,"y":1},"s":[{"c":false,"i":[[0,0],[0,0],[1.23,0],[0,0],[0.3,-0.78]],"o":[[0,0],[0.54,-1.41],[0,0],[-0.72,0],[0,0]],"v":[[32.18,26],[40.39,4.76],[38.66,2],[19.33,2],[17.61,3.24]]}],"t":60},{"s":[{"c":false,"i":[[0,0],[0,0],[1.23,0],[0,0],[0.3,-0.78]],"o":[[0,0],[0.54,-1.41],[0,0],[-0.72,0],[0,0]],"v":[[32.18,26],[40.39,4.76],[38.66,2],[19.33,2],[17.61,3.24]]}],"t":120}]}},{"ty":"sh","bm":0,"hd":false,"nm":"","d":1,"ks":{"a":1,"k":[{"o":{"x":0.33,"y":1},"i":{"x":0.68,"y":1},"s":[{"c":false,"i":[[0,0],[0,0],[0,0],[-1.23,0],[0,0],[0,0],[-0.77,-0.4],[-0.57,0.7],[0,0],[0,0],[1.46,0],[0,0]],"o":[[0,0],[0,0],[-0.55,1.41],[0,0],[0,0],[-0.23,0.95],[0.75,0.39],[0,0],[0,0],[1.12,-1.4],[0,0],[0,0]],"v":[[17.61,3.24],[2.15,43.24],[2.15,43.24],[3.87,46],[20.79,46],[13.66,75.5],[14.65,77.8],[16.88,77.31],[16.88,77.31],[55.54,29.31],[54.13,26],[32.18,26]]}],"t":0},{"o":{"x":0.33,"y":1},"i":{"x":0.68,"y":1},"s":[{"c":false,"i":[[0,0],[0,0],[0,0],[-1.23,0],[0,0],[0,0],[-0.77,-0.4],[-0.57,0.7],[0,0],[0,0],[1.46,0],[0,0]],"o":[[0,0],[0,0],[-0.55,1.41],[0,0],[0,0],[-0.23,0.95],[0.75,0.39],[0,0],[0,0],[1.12,-1.4],[0,0],[0,0]],"v":[[17.61,3.24],[2.15,43.24],[2.15,43.24],[3.87,46],[20.79,46],[13.66,75.5],[14.65,77.8],[16.88,77.31],[16.88,77.31],[55.54,29.31],[54.13,26],[32.18,26]]}],"t":60},{"s":[{"c":false,"i":[[0,0],[0,0],[0,0],[-1.23,0],[0,0],[0,0],[-0.77,-0.4],[-0.57,0.7],[0,0],[0,0],[1.46,0],[0,0]],"o":[[0,0],[0,0],[-0.55,1.41],[0,0],[0,0],[-0.23,0.95],[0.75,0.39],[0,0],[0,0],[1.12,-1.4],[0,0],[0,0]],"v":[[17.61,3.24],[2.15,43.24],[2.15,43.24],[3.87,46],[20.79,46],[13.66,75.5],[14.65,77.8],[16.88,77.31],[16.88,77.31],[55.54,29.31],[54.13,26],[32.18,26]]}],"t":120}]}},{"ty":"sh","bm":0,"hd":false,"nm":"","d":1,"ks":{"a":1,"k":[{"o":{"x":0.33,"y":1},"i":{"x":0.68,"y":1},"s":[{"c":true,"i":[[0,0],[0,0],[1.61,0.84],[-0.44,1.81],[0,0],[0,0],[-1.02,2.63],[0,0],[-1.58,0],[0,0],[1.02,-2.63],[0,0],[0,0],[2.1,-2.6]],"o":[[0,0],[-1.16,1.44],[-1.61,-0.84],[0,0],[0,0],[-2.73,0],[0,0],[0.59,-1.52],[0,0],[2.73,0],[0,0],[0,0],[3.27,0],[0,0]],"v":[[57.1,30.56],[18.44,78.56],[13.72,79.57],[11.72,75.03],[18.25,48],[3.87,48],[0.28,42.51],[15.74,2.51],[19.33,0],[38.66,0],[42.25,5.49],[35.1,24],[54.13,24],[57.1,30.56]]}],"t":0},{"o":{"x":0.33,"y":1},"i":{"x":0.68,"y":1},"s":[{"c":true,"i":[[0,0],[0,0],[1.61,0.84],[-0.44,1.81],[0,0],[0,0],[-1.02,2.63],[0,0],[-1.58,0],[0,0],[1.02,-2.63],[0,0],[0,0],[2.1,-2.6]],"o":[[0,0],[-1.16,1.44],[-1.61,-0.84],[0,0],[0,0],[-2.73,0],[0,0],[0.59,-1.52],[0,0],[2.73,0],[0,0],[0,0],[3.27,0],[0,0]],"v":[[57.1,30.56],[18.44,78.56],[13.72,79.57],[11.72,75.03],[18.25,48],[3.87,48],[0.28,42.51],[15.74,2.51],[19.33,0],[38.66,0],[42.25,5.49],[35.1,24],[54.13,24],[57.1,30.56]]}],"t":60},{"s":[{"c":true,"i":[[0,0],[0,0],[1.61,0.84],[-0.44,1.81],[0,0],[0,0],[-1.02,2.63],[0,0],[-1.58,0],[0,0],[1.02,-2.63],[0,0],[0,0],[2.1,-2.6]],"o":[[0,0],[-1.16,1.44],[-1.61,-0.84],[0,0],[0,0],[-2.73,0],[0,0],[0.59,-1.52],[0,0],[2.73,0],[0,0],[0,0],[3.27,0],[0,0]],"v":[[57.1,30.56],[18.44,78.56],[13.72,79.57],[11.72,75.03],[18.25,48],[3.87,48],[0.28,42.51],[15.74,2.51],[19.33,0],[38.66,0],[42.25,5.49],[35.1,24],[54.13,24],[57.1,30.56]]}],"t":120}]}},{"ty":"fl","bm":0,"hd":false,"nm":"","c":{"a":1,"k":[{"o":{"x":0.33,"y":1},"i":{"x":0.68,"y":1},"s":[1,0.4941,0.0784],"t":0},{"o":{"x":0.33,"y":1},"i":{"x":0.68,"y":1},"s":[1,0.4941,0.0784],"t":60},{"s":[1,0.4941,0.0784],"t":120}]},"r":2,"o":{"a":1,"k":[{"o":{"x":0.33,"y":1},"i":{"x":0.68,"y":1},"s":[60],"t":0},{"o":{"x":0.33,"y":1},"i":{"x":0.68,"y":1},"s":[60],"t":60},{"s":[60],"t":120}]}}],"ind":1},{"ty":4,"nm":"l0","sr":1,"st":0,"op":121,"ip":0,"hd":false,"ddd":0,"bm":0,"hasMask":false,"ao":0,"ks":{"a":{"a":1,"k":[{"o":{"x":0.33,"y":1},"i":{"x":0.68,"y":1},"s":[29,40],"t":0},{"o":{"x":0.33,"y":1},"i":{"x":0.68,"y":1},"s":[29,40],"t":60},{"s":[29,40],"t":120}]},"s":{"a":1,"k":[{"o":{"x":0.33,"y":1},"i":{"x":0.68,"y":1},"s":[100,100],"t":0},{"o":{"x":0.33,"y":1},"i":{"x":0.68,"y":1},"s":[100,100],"t":60},{"s":[100,100],"t":120}]},"sk":{"a":0,"k":0},"p":{"a":1,"k":[{"o":{"x":0.33,"y":1},"i":{"x":0.68,"y":1},"s":[49,60],"t":0},{"o":{"x":0.33,"y":1},"i":{"x":0.68,"y":1},"s":[49,60],"t":60},{"s":[49,60],"t":120}]},"r":{"a":1,"k":[{"o":{"x":0.33,"y":1},"i":{"x":0.68,"y":1},"s":[0],"t":0},{"o":{"x":0.33,"y":1},"i":{"x":0.68,"y":1},"s":[0],"t":60},{"s":[0],"t":120}]},"sa":{"a":0,"k":0},"o":{"a":1,"k":[{"o":{"x":0.33,"y":1},"i":{"x":0.68,"y":1},"s":[100],"t":0},{"o":{"x":0.33,"y":1},"i":{"x":0.68,"y":1},"s":[100],"t":60},{"s":[100],"t":120}]}},"ef":[],"shapes":[{"ty":"sh","bm":0,"hd":false,"nm":"","d":1,"ks":{"a":1,"k":[{"o":{"x":0.33,"y":1},"i":{"x":0.68,"y":1},"s":[{"c":true,"i":[[0,0],[0,0],[0,0],[2.73,0],[0,0],[0.59,-1.52],[0,0],[-2.73,0],[0,0],[0,0],[-1.61,-0.84],[-1.16,1.44],[0,0],[3.27,0]],"o":[[0,0],[0,0],[1.02,-2.63],[0,0],[-1.58,0],[0,0],[-1.02,2.63],[0,0],[0,0],[-0.44,1.81],[1.61,0.84],[0,0],[2.1,-2.6],[0,0]],"v":[[54.13,24],[35.1,24],[42.25,5.49],[38.66,0],[19.33,0],[15.74,2.51],[0.28,42.51],[3.87,48],[18.25,48],[11.72,75.03],[13.72,79.57],[18.44,78.56],[57.1,30.56],[54.13,24]]}],"t":0},{"o":{"x":0.33,"y":1},"i":{"x":0.68,"y":1},"s":[{"c":true,"i":[[0,0],[0,0],[0,0],[2.73,0],[0,0],[0.59,-1.52],[0,0],[-2.73,0],[0,0],[0,0],[-1.61,-0.84],[-1.16,1.44],[0,0],[3.27,0]],"o":[[0,0],[0,0],[1.02,-2.63],[0,0],[-1.58,0],[0,0],[-1.02,2.63],[0,0],[0,0],[-0.44,1.81],[1.61,0.84],[0,0],[2.1,-2.6],[0,0]],"v":[[54.13,24],[35.1,24],[42.25,5.49],[38.66,0],[19.33,0],[15.74,2.51],[0.28,42.51],[3.87,48],[18.25,48],[11.72,75.03],[13.72,79.57],[18.44,78.56],[57.1,30.56],[54.13,24]]}],"t":60},{"s":[{"c":true,"i":[[0,0],[0,0],[0,0],[2.73,0],[0,0],[0.59,-1.52],[0,0],[-2.73,0],[0,0],[0,0],[-1.61,-0.84],[-1.16,1.44],[0,0],[3.27,0]],"o":[[0,0],[0,0],[1.02,-2.63],[0,0],[-1.58,0],[0,0],[-1.02,2.63],[0,0],[0,0],[-0.44,1.81],[1.61,0.84],[0,0],[2.1,-2.6],[0,0]],"v":[[54.13,24],[35.1,24],[42.25,5.49],[38.66,0],[19.33,0],[15.74,2.51],[0.28,42.51],[3.87,48],[18.25,48],[11.72,75.03],[13.72,79.57],[18.44,78.56],[57.1,30.56],[54.13,24]]}],"t":120}]}},{"ty":"fl","bm":0,"hd":false,"nm":"","c":{"a":1,"k":[{"o":{"x":0.33,"y":1},"i":{"x":0.68,"y":1},"s":[0.149,0.149,0.149],"t":0},{"o":{"x":0.33,"y":1},"i":{"x":0.68,"y":1},"s":[0.149,0.149,0.149],"t":60},{"s":[0.149,0.149,0.149],"t":120}]},"r":1,"o":{"a":1,"k":[{"o":{"x":0.33,"y":1},"i":{"x":0.68,"y":1},"s":[100],"t":0},{"o":{"x":0.33,"y":1},"i":{"x":0.68,"y":1},"s":[100],"t":60},{"s":[100],"t":120}]}}],"ind":2},{"ty":4,"nm":"l2","sr":1,"st":0,"op":121,"ip":0,"hd":false,"ddd":0,"bm":0,"hasMask":false,"ao":0,"ks":{"a":{"a":1,"k":[{"o":{"x":0.33,"y":1},"i":{"x":0.68,"y":1},"s":[29,40],"t":0},{"o":{"x":0.33,"y":1},"i":{"x":0.68,"y":1},"s":[29,40],"t":60},{"s":[7,9.5],"t":120}]},"s":{"a":1,"k":[{"o":{"x":0.33,"y":1},"i":{"x":0.68,"y":1},"s":[100,100],"t":0},{"o":{"x":0.33,"y":1},"i":{"x":0.68,"y":1},"s":[100,100],"t":60},{"s":[100,100],"t":120}]},"sk":{"a":0,"k":0},"p":{"a":1,"k":[{"o":{"x":0.33,"y":1},"i":{"x":0.68,"y":1},"s":[47,58],"t":0},{"o":{"x":0.33,"y":1},"i":{"x":0.68,"y":1},"s":[49,60],"t":60},{"s":[48,58.5],"t":120}]},"r":{"a":1,"k":[{"o":{"x":0.33,"y":1},"i":{"x":0.68,"y":1},"s":[0],"t":0},{"o":{"x":0.33,"y":1},"i":{"x":0.68,"y":1},"s":[0],"t":60},{"s":[0],"t":120}]},"sa":{"a":0,"k":0},"o":{"a":1,"k":[{"o":{"x":0.33,"y":1},"i":{"x":0.68,"y":1},"s":[100],"t":0},{"o":{"x":0.33,"y":1},"i":{"x":0.68,"y":1},"s":[100],"t":60},{"s":[0],"t":120}]}},"ef":[],"shapes":[{"ty":"sh","bm":0,"hd":false,"nm":"","d":1,"ks":{"a":1,"k":[{"o":{"x":0.33,"y":1},"i":{"x":0.68,"y":1},"s":[{"c":true,"i":[[0,0],[0,0],[0,0],[2.918275862068965,0],[0,0],[0.6306896551724137,-1.596],[0,0],[-2.918275862068965,0],[0,0],[0,0],[-1.7210344827586206,-0.882],[-1.2399999999999998,1.512],[0,0],[3.4955172413793103,0]],"o":[[0,0],[0,0],[1.0903448275862069,-2.7615],[0,0],[-1.6889655172413793,0],[0,0],[-1.0903448275862069,2.7615],[0,0],[0,0],[-0.4703448275862069,1.9005],[1.7210344827586206,0.882],[0,0],[2.2448275862068963,-2.7300000000000004],[0,0]],"v":[[57.86310344827586,25.200000000000003],[37.52068965517241,25.200000000000003],[45.16379310344827,5.764500000000001],[41.32620689655172,0],[20.66310344827586,0],[16.82551724137931,2.6355],[0.2993103448275862,44.6355],[4.136896551724138,50.400000000000006],[19.50862068965517,50.400000000000006],[12.528275862068964,78.78150000000001],[14.666206896551724,83.54849999999999],[19.711724137931036,82.488],[61.03793103448275,32.088],[57.86310344827586,25.200000000000003]]}],"t":0},{"o":{"x":0.33,"y":1},"i":{"x":0.68,"y":1},"s":[{"c":true,"i":[[0,0],[0,0],[0,0],[2.73,0],[0,0],[0.59,-1.52],[0,0],[-2.73,0],[0,0],[0,0],[-1.61,-0.84],[-1.16,1.44],[0,0],[3.27,0]],"o":[[0,0],[0,0],[1.02,-2.63],[0,0],[-1.58,0],[0,0],[-1.02,2.63],[0,0],[0,0],[-0.44,1.81],[1.61,0.84],[0,0],[2.1,-2.6],[0,0]],"v":[[54.13,24],[35.1,24],[42.25,5.49],[38.66,0],[19.33,0],[15.74,2.51],[0.28,42.51],[3.87,48],[18.25,48],[11.72,75.03],[13.72,79.57],[18.44,78.56],[57.1,30.56],[54.13,24]]}],"t":60},{"s":[{"c":true,"i":[[0,0],[0,0],[0,0],[0.66,0],[0,0],[0.14,-0.36],[0,0],[-0.66,0],[0,0],[0,0],[-0.39,-0.2],[-0.28,0.34],[0,0],[0.79,0]],"o":[[0,0],[0,0],[0.25,-0.62],[0,0],[-0.38,0],[0,0],[-0.25,0.62],[0,0],[0,0],[-0.11,0.43],[0.39,0.2],[0,0],[0.51,-0.62],[0,0]],"v":[[13.07,5.7],[8.47,5.7],[10.2,1.3],[9.33,0],[4.67,0],[3.8,0.6],[0.07,10.1],[0.93,11.4],[4.4,11.4],[2.83,17.82],[3.31,18.9],[4.45,18.66],[13.78,7.26],[13.07,5.7]]}],"t":120}]}},{"ty":"st","bm":0,"hd":false,"nm":"","lc":1,"lj":1,"ml":4,"o":{"a":1,"k":[{"o":{"x":0.33,"y":1},"i":{"x":0.68,"y":1},"s":[38],"t":0},{"o":{"x":0.33,"y":1},"i":{"x":0.68,"y":1},"s":[0],"t":60},{"s":[0],"t":120}]},"w":{"a":0,"k":4},"c":{"a":0,"k":[1,0.4941,0.0824]}},{"ty":"fl","bm":0,"hd":false,"nm":"","c":{"a":1,"k":[{"o":{"x":0.33,"y":1},"i":{"x":0.68,"y":1},"s":[1,0.4941,0.0824],"t":0},{"o":{"x":0.33,"y":1},"i":{"x":0.68,"y":1},"s":[1,0.4941,0.0824],"t":60},{"s":[1,0.4941,0.0784],"t":120}]},"r":1,"o":{"a":1,"k":[{"o":{"x":0.33,"y":1},"i":{"x":0.68,"y":1},"s":[38],"t":0},{"o":{"x":0.33,"y":1},"i":{"x":0.68,"y":1},"s":[38],"t":60},{"s":[60],"t":120}]}}],"ind":3},{"ty":4,"nm":"l1","sr":1,"st":0,"op":121,"ip":0,"hd":false,"ddd":0,"bm":0,"hasMask":false,"ao":0,"ks":{"a":{"a":1,"k":[{"o":{"x":0.33,"y":1},"i":{"x":0.68,"y":1},"s":[7.5,11],"t":0},{"o":{"x":0.33,"y":1},"i":{"x":0.68,"y":1},"s":[29,40],"t":60},{"s":[41.5,58],"t":120}]},"s":{"a":1,"k":[{"o":{"x":0.33,"y":1},"i":{"x":0.68,"y":1},"s":[100,100],"t":0},{"o":{"x":0.33,"y":1},"i":{"x":0.68,"y":1},"s":[100,100],"t":60},{"s":[100,100],"t":120}]},"sk":{"a":0,"k":0},"p":{"a":1,"k":[{"o":{"x":0.33,"y":1},"i":{"x":0.68,"y":1},"s":[48.5,60],"t":0},{"o":{"x":0.33,"y":1},"i":{"x":0.68,"y":1},"s":[46,57],"t":60},{"s":[49.5,60],"t":120}]},"r":{"a":1,"k":[{"o":{"x":0.33,"y":1},"i":{"x":0.68,"y":1},"s":[0],"t":0},{"o":{"x":0.33,"y":1},"i":{"x":0.68,"y":1},"s":[0],"t":60},{"s":[0],"t":120}]},"sa":{"a":0,"k":0},"o":{"a":1,"k":[{"o":{"x":0.33,"y":1},"i":{"x":0.68,"y":1},"s":[0],"t":0},{"o":{"x":0.33,"y":1},"i":{"x":0.68,"y":1},"s":[100],"t":60},{"s":[0],"t":120}]}},"ef":[],"shapes":[{"ty":"sh","bm":0,"hd":false,"nm":"","d":1,"ks":{"a":1,"k":[{"o":{"x":0.33,"y":1},"i":{"x":0.68,"y":1},"s":[{"c":true,"i":[[0,0],[0,0],[0,0],[0.71,0],[0,0],[0.15,-0.42],[0,0],[-0.71,0],[0,0],[0,0],[-0.42,-0.23],[-0.3,0.39],[0,0],[0.85,0]],"o":[[0,0],[0,0],[0.26,-0.72],[0,0],[-0.41,0],[0,0],[-0.26,0.72],[0,0],[0,0],[-0.11,0.5],[0.42,0.23],[0,0],[0.54,-0.72],[0,0]],"v":[[14,6.6],[9.08,6.6],[10.93,1.51],[10,0],[5,0],[4.07,0.69],[0.07,11.69],[1,13.2],[4.72,13.2],[3.03,20.63],[3.55,21.88],[4.77,21.6],[14.77,8.4],[14,6.6]]}],"t":0},{"o":{"x":0.33,"y":1},"i":{"x":0.68,"y":1},"s":[{"c":true,"i":[[0,0],[0,0],[0,0],[3.0124137931034483,0],[0,0],[0.6510344827586206,-1.634],[0,0],[-3.0124137931034483,0],[0,0],[0,0],[-1.7765517241379312,-0.9029999999999999],[-1.2799999999999998,1.5479999999999998],[0,0],[3.6082758620689654,0]],"o":[[0,0],[0,0],[1.1255172413793104,-2.82725],[0,0],[-1.743448275862069,0],[0,0],[-1.1255172413793104,2.82725],[0,0],[0,0],[-0.48551724137931035,1.9457499999999999],[1.7765517241379312,0.9029999999999999],[0,0],[2.317241379310345,-2.795],[0,0]],"v":[[59.72965517241379,25.799999999999997],[38.73103448275862,25.799999999999997],[46.62068965517241,5.90175],[42.65931034482758,0],[21.32965517241379,0],[17.368275862068966,2.69825],[0.30896551724137933,45.698249999999994],[4.270344827586207,51.599999999999994],[20.137931034482758,51.599999999999994],[12.932413793103448,80.65725],[15.139310344827587,85.53774999999999],[20.34758620689655,84.452],[63.00689655172414,32.852],[59.72965517241379,25.799999999999997]]}],"t":60},{"s":[{"c":true,"i":[[0,0],[0,0],[0,0],[3.91,0],[0,0],[0.84,-2.2],[0,0],[-3.91,0],[0,0],[0,0],[-2.3,-1.22],[-1.66,2.08],[0,0],[4.68,0]],"o":[[0,0],[0,0],[1.45,-3.81],[0,0],[-2.26,0],[0,0],[-1.45,3.81],[0,0],[0,0],[-0.63,2.62],[2.3,1.22],[0,0],[3,-3.77],[0,0]],"v":[[77.46,34.8],[50.22,34.8],[60.47,7.95],[55.33,0],[27.67,0],[22.53,3.65],[0.4,61.65],[5.54,69.6],[26.11,69.6],[16.77,108.79],[19.63,115.37],[26.39,113.91],[81.71,44.31],[77.46,34.8]]}],"t":120}]}},{"ty":"fl","bm":0,"hd":false,"nm":"","c":{"a":1,"k":[{"o":{"x":0.33,"y":1},"i":{"x":0.68,"y":1},"s":[1,0.4941,0.0784],"t":0},{"o":{"x":0.33,"y":1},"i":{"x":0.68,"y":1},"s":[0.9765,0.4784,0.0706],"t":60},{"s":[1,0.4941,0.0784],"t":120}]},"r":1,"o":{"a":1,"k":[{"o":{"x":0.33,"y":1},"i":{"x":0.68,"y":1},"s":[24],"t":0},{"o":{"x":0.33,"y":1},"i":{"x":0.68,"y":1},"s":[38],"t":60},{"s":[60],"t":120}]}},{"ty":"st","bm":0,"hd":false,"nm":"","lc":1,"lj":1,"ml":1,"o":{"a":1,"k":[{"o":{"x":0.167,"y":0.167},"i":{"x":0.833,"y":0.833},"s":[100],"t":0},{"o":{"x":0.33,"y":1},"i":{"x":0.68,"y":1},"s":[38],"t":60},{"s":[0],"t":120}]},"w":{"a":1,"k":[{"o":{"x":0.167,"y":0.167},"i":{"x":0.833,"y":0.833},"s":[0],"t":0},{"s":[6],"t":60}]},"c":{"a":1,"k":[{"o":{"x":0.167,"y":0.167},"i":{"x":0.833,"y":0.833},"s":[1,0.4941,0.0824],"t":0},{"s":[1,0.4941,0.0824],"t":60}]}}],"ind":4}],"v":"5.7.0","fr":60,"op":120,"ip":0,"assets":[]}