{"v":"4.8.0","meta":{"g":"LottieFiles AE 3.5.1","a":"","k":"","d":"","tc":""},"fr":29.9700012207031,"ip":0,"op":360.000014663101,"w":320,"h":110,"nm":"input dark","ddd":0,"assets":[{"id":"comp_0","layers":[{"ddd":0,"ind":1,"ty":4,"nm":"tap Outlines","sr":1,"ks":{"o":{"a":1,"k":[{"i":{"x":[0.833],"y":[0.833]},"o":{"x":[0.167],"y":[0.167]},"t":0,"s":[0]},{"i":{"x":[0.833],"y":[0.833]},"o":{"x":[0.167],"y":[0.167]},"t":20,"s":[100]},{"t":40.0000016292334,"s":[0]}],"ix":11},"r":{"a":0,"k":0,"ix":10},"p":{"a":0,"k":[19.938,19.54,0],"ix":2},"a":{"a":0,"k":[16,16,0],"ix":1},"s":{"a":1,"k":[{"i":{"x":[0,0,0.667],"y":[1,1,1]},"o":{"x":[1,1,0.333],"y":[0,0,0]},"t":0,"s":[0,0,100]},{"i":{"x":[0.821,0.821,0.821],"y":[1,1,1]},"o":{"x":[0.16,0.16,0.16],"y":[0,0,0]},"t":20,"s":[120,120,100]},{"t":40.0000016292334,"s":[100,100,100]}],"ix":6}},"ao":0,"shapes":[{"ty":"gr","it":[{"ind":0,"ty":"sh","ix":1,"ks":{"a":0,"k":{"i":[[-8.837,0],[0,0],[0,-8.837],[8.837,0],[0,8.837]],"o":[[0,0],[8.837,0],[0,8.837],[-8.837,0],[0,-8.837]],"v":[[0,-16],[0,-16],[16,0],[0,16],[-16,0]],"c":true},"ix":2},"nm":"Path 1","mn":"ADBE Vector Shape - Group","hd":false},{"ty":"mm","mm":4,"nm":"Merge Paths 1","mn":"ADBE Vector Filter - Merge","hd":false},{"ty":"fl","c":{"a":0,"k":[0.38431372549,0.38431372549,0.38431372549,1],"ix":4},"o":{"a":0,"k":100,"ix":5},"r":1,"bm":0,"nm":"Fill 1","mn":"ADBE Vector Graphic - Fill","hd":false},{"ty":"tr","p":{"a":0,"k":[16,16],"ix":2},"a":{"a":0,"k":[0,0],"ix":1},"s":{"a":0,"k":[100,100],"ix":3},"r":{"a":0,"k":0,"ix":6},"o":{"a":0,"k":60,"ix":7},"sk":{"a":0,"k":0,"ix":4},"sa":{"a":0,"k":0,"ix":5},"nm":"Transform"}],"nm":"Group 1","np":3,"cix":2,"bm":0,"ix":1,"mn":"ADBE Vector Group","hd":false}],"ip":0,"op":40.0000016292334,"st":-23.0000009368092,"bm":0}]},{"id":"comp_1","layers":[{"ddd":0,"ind":1,"ty":4,"nm":"caret Outlines","sr":1,"ks":{"o":{"a":1,"k":[{"i":{"x":[0.833],"y":[0.833]},"o":{"x":[0.167],"y":[0.167]},"t":0,"s":[0]},{"i":{"x":[0.833],"y":[0.833]},"o":{"x":[0.167],"y":[0.167]},"t":8,"s":[100]},{"t":14.0000005702317,"s":[0]}],"ix":11},"r":{"a":0,"k":0,"ix":10},"p":{"a":0,"k":[4.435,15.04,0],"ix":2},"a":{"a":0,"k":[0.75,9.25,0],"ix":1},"s":{"a":0,"k":[100,100,100],"ix":6}},"ao":0,"shapes":[{"ty":"gr","it":[{"ind":0,"ty":"sh","ix":1,"ks":{"a":0,"k":{"i":[[0,0],[0,0],[0,0],[0,0]],"o":[[0,0],[0,0],[0,0],[0,0]],"v":[[-0.5,9],[0.5,9],[0.5,-9],[-0.5,-9]],"c":true},"ix":2},"nm":"Path 1","mn":"ADBE Vector Shape - Group","hd":false},{"ty":"fl","c":{"a":0,"k":[1,1,1,1],"ix":4},"o":{"a":0,"k":100,"ix":5},"r":1,"bm":0,"nm":"Fill 1","mn":"ADBE Vector Graphic - Fill","hd":false},{"ty":"tr","p":{"a":0,"k":[0.75,9.25],"ix":2},"a":{"a":0,"k":[0,0],"ix":1},"s":{"a":0,"k":[100,100],"ix":3},"r":{"a":0,"k":0,"ix":6},"o":{"a":0,"k":100,"ix":7},"sk":{"a":0,"k":0,"ix":4},"sa":{"a":0,"k":0,"ix":5},"nm":"Transform"}],"nm":"Group 1","np":2,"cix":2,"bm":0,"ix":1,"mn":"ADBE Vector Group","hd":false}],"ip":0,"op":14.0000005702317,"st":-70.0000028511585,"bm":0}]}],"fonts":{"list":[{"fName":"SFMono-Regular","fFamily":"SF Mono","fStyle":"Regular","ascent":73.779296875}]},"layers":[{"ddd":0,"ind":1,"ty":0,"nm":"tap light","refId":"comp_0","sr":1,"ks":{"o":{"a":0,"k":100,"ix":11},"r":{"a":0,"k":0,"ix":10},"p":{"a":0,"k":[119.825,39.135,0],"ix":2},"a":{"a":0,"k":[20,20,0],"ix":1},"s":{"a":0,"k":[100,100,100],"ix":6}},"ao":0,"w":40,"h":40,"ip":35.0000014255792,"op":75.0000030548126,"st":35.0000014255792,"bm":0},{"ddd":0,"ind":2,"ty":0,"nm":"caret dark","refId":"comp_1","sr":1,"ks":{"o":{"a":1,"k":[{"i":{"x":[0.833],"y":[0.833]},"o":{"x":[0.167],"y":[0.167]},"t":136,"s":[100]},{"i":{"x":[0.833],"y":[0.833]},"o":{"x":[0.167],"y":[0.167]},"t":137,"s":[0]},{"i":{"x":[0.833],"y":[0.833]},"o":{"x":[0.167],"y":[0.167]},"t":187,"s":[0]},{"t":188.000007657397,"s":[100]}],"ix":11},"r":{"a":0,"k":0,"ix":10},"p":{"a":1,"k":[{"i":{"x":0.833,"y":0.833},"o":{"x":0.167,"y":0.167},"t":73,"s":[106.751,39.843,0],"to":[0,0,0],"ti":[0,0,0]},{"i":{"x":0.833,"y":0.833},"o":{"x":0.167,"y":0.167},"t":187,"s":[106.751,39.843,0],"to":[0,0,0],"ti":[0,0,0]},{"t":188.000007657397,"s":[146,39.843,0]}],"ix":2},"a":{"a":0,"k":[4,16,0],"ix":1},"s":{"a":0,"k":[100,100,100],"ix":6}},"ao":0,"tm":{"a":1,"k":[{"i":{"x":[0.833],"y":[0.833]},"o":{"x":[0.167],"y":[0.167]},"t":69,"s":[0]},{"t":105.000004276738,"s":[0.467]}],"ix":2,"x":"var $bm_rt;\n$bm_rt = loopOut('cycle');"},"w":8,"h":32,"ip":69.0000028104276,"op":271.000011038056,"st":69.0000028104276,"bm":0},{"ddd":0,"ind":3,"ty":5,"nm":"code","sr":1,"ks":{"o":{"a":0,"k":100,"ix":11},"r":{"a":0,"k":0,"ix":10},"p":{"a":0,"k":[107.91,43.75,0],"ix":2},"a":{"a":0,"k":[0,0,0],"ix":1},"s":{"a":0,"k":[100,100,100],"ix":6}},"ao":0,"t":{"d":{"k":[{"s":{"s":15,"f":"SFMono-Regular","t":"code","j":0,"tr":0,"lh":18,"ls":0,"fc":[1,1,1]},"t":0}]},"p":{},"m":{"g":1,"a":{"a":0,"k":[0,0],"ix":2}},"a":[{"nm":"Animator 1","s":{"t":0,"xe":{"a":0,"k":0,"ix":7},"ne":{"a":0,"k":0,"ix":8},"a":{"a":0,"k":100,"ix":4},"b":1,"rn":0,"sh":1,"s":{"a":1,"k":[{"i":{"x":[0.645],"y":[0.997]},"o":{"x":[0.437],"y":[-0.005]},"t":119,"s":[0]},{"t":196.000007983244,"s":[100]}],"ix":1},"r":1},"a":{"o":{"a":0,"k":0,"ix":9}}}]},"ip":119.000004846969,"op":333.000013563368,"st":0,"bm":0},{"ddd":0,"ind":4,"ty":4,"nm":"gap Outlines","sr":1,"ks":{"o":{"a":0,"k":100,"ix":11},"r":{"a":0,"k":0,"ix":10},"p":{"a":0,"k":[96.575,39.135,0],"ix":2},"a":{"a":0,"k":[1.119,16.5,0],"ix":1},"s":{"a":0,"k":[89.589,100,100],"ix":6}},"ao":0,"shapes":[{"ty":"gr","it":[{"ind":0,"ty":"sh","ix":1,"ks":{"a":1,"k":[{"i":{"x":0.667,"y":1},"o":{"x":0.333,"y":0},"t":173,"s":[{"i":[[-4.142,0],[0,0],[0,-4.142],[0,0],[4.142,0],[0,0],[0,4.142],[0,0]],"o":[[0,0],[4.142,0],[0,0],[0,4.142],[0,0],[-4.142,0],[0,0],[0,-4.142]],"v":[[-18.571,-15.5],[18.571,-15.5],[26.071,-8],[26.071,8],[18.571,15.5],[-18.571,15.5],[-26.071,8],[-26.071,-8]],"c":true}]},{"i":{"x":0.667,"y":1},"o":{"x":0.333,"y":0},"t":192,"s":[{"i":[[-4.142,0],[0,0],[0,-4.142],[0,0],[4.142,0],[0,0],[0,4.142],[0,0]],"o":[[0,0],[4.142,0],[0,0],[0,4.142],[0,0],[-4.142,0],[0,0],[0,-4.142]],"v":[[-18.571,-15.5],[31.685,-15.49],[39.185,-7.99],[39.185,8.01],[31.685,15.51],[-18.571,15.5],[-26.071,8],[-26.071,-8]],"c":true}]},{"i":{"x":0.667,"y":1},"o":{"x":0.333,"y":0},"t":330,"s":[{"i":[[-4.142,0],[0,0],[0,-4.142],[0,0],[4.142,0],[0,0],[0,4.142],[0,0]],"o":[[0,0],[4.142,0],[0,0],[0,4.142],[0,0],[-4.142,0],[0,0],[0,-4.142]],"v":[[-18.571,-15.5],[31.685,-15.49],[39.185,-7.99],[39.185,8.01],[31.685,15.51],[-18.571,15.5],[-26.071,8],[-26.071,-8]],"c":true}]},{"t":345.000014052138,"s":[{"i":[[-4.142,0],[0,0],[0,-4.142],[0,0],[4.142,0],[0,0],[0,4.142],[0,0]],"o":[[0,0],[4.142,0],[0,0],[0,4.142],[0,0],[-4.142,0],[0,0],[0,-4.142]],"v":[[-18.571,-15.5],[18.711,-15.469],[26.211,-7.969],[26.211,8.031],[18.711,15.531],[-18.571,15.5],[-26.071,8],[-26.071,-8]],"c":true}]}],"ix":2},"nm":"Path 1","mn":"ADBE Vector Shape - Group","hd":false},{"ty":"st","c":{"a":1,"k":[{"i":{"x":[0.833],"y":[0.833]},"o":{"x":[0.167],"y":[0.167]},"t":62,"s":[0.384313732386,0.384313732386,0.384313732386,1]},{"i":{"x":[0.833],"y":[0.833]},"o":{"x":[0.167],"y":[0.167]},"t":74,"s":[0.364705890417,0.447058826685,0.913725495338,1]},{"i":{"x":[0.833],"y":[0.833]},"o":{"x":[0.167],"y":[0.167]},"t":316,"s":[0.364705890417,0.447058826685,0.913725495338,1]},{"t":330.000013441176,"s":[0.384313732386,0.384313732386,0.384313732386,1]}],"ix":3},"o":{"a":0,"k":100,"ix":4},"w":{"a":0,"k":1,"ix":5},"lc":1,"lj":1,"ml":4,"bm":0,"nm":"Stroke 1","mn":"ADBE Vector Graphic - Stroke","hd":false},{"ty":"tr","p":{"a":0,"k":[27.071,16.5],"ix":2},"a":{"a":0,"k":[0,0],"ix":1},"s":{"a":0,"k":[100,100],"ix":3},"r":{"a":0,"k":0,"ix":6},"o":{"a":0,"k":100,"ix":7},"sk":{"a":0,"k":0,"ix":4},"sa":{"a":0,"k":0,"ix":5},"nm":"Transform"}],"nm":"Group 1","np":2,"cix":2,"bm":0,"ix":1,"mn":"ADBE Vector Group","hd":false}],"ip":0,"op":360.000014663101,"st":0,"bm":0},{"ddd":0,"ind":5,"ty":4,"nm":"line1-2 Outlines","sr":1,"ks":{"o":{"a":0,"k":100,"ix":11},"r":{"a":0,"k":0,"ix":10},"p":{"a":1,"k":[{"i":{"x":0.667,"y":1},"o":{"x":0.333,"y":0},"t":173,"s":[165.486,39.04,0],"to":[0,0,0],"ti":[0,0,0]},{"i":{"x":0.667,"y":0.667},"o":{"x":0.333,"y":0.333},"t":192,"s":[177.986,39.04,0],"to":[0,0,0],"ti":[0,0,0]},{"i":{"x":0.667,"y":1},"o":{"x":0.333,"y":0},"t":330,"s":[177.986,39.04,0],"to":[0,0,0],"ti":[0,0,0]},{"t":345.000014052138,"s":[165.5,39.04,0]}],"ix":2},"a":{"a":0,"k":[12.75,7.25,0],"ix":1},"s":{"a":0,"k":[100,100,100],"ix":6}},"ao":0,"shapes":[{"ty":"gr","it":[{"ind":0,"ty":"sh","ix":1,"ks":{"a":0,"k":{"i":[[-2.209,0],[0,0],[0,-2.209],[0,0],[2.209,0],[0,0],[0,2.209],[0,0]],"o":[[0,0],[2.209,0],[0,0],[0,2.209],[0,0],[-2.209,0],[0,0],[0,-2.209]],"v":[[-8.5,-7],[8.5,-7],[12.5,-3],[12.5,3],[8.5,7],[-8.5,7],[-12.5,3],[-12.5,-3]],"c":true},"ix":2},"nm":"Path 1","mn":"ADBE Vector Shape - Group","hd":false},{"ty":"mm","mm":4,"nm":"Merge Paths 1","mn":"ADBE Vector Filter - Merge","hd":false},{"ty":"fl","c":{"a":0,"k":[0.266666666667,0.266666666667,0.266666666667,1],"ix":4},"o":{"a":0,"k":100,"ix":5},"r":1,"bm":0,"nm":"Fill 1","mn":"ADBE Vector Graphic - Fill","hd":false},{"ty":"tr","p":{"a":0,"k":[12.75,7.25],"ix":2},"a":{"a":0,"k":[0,0],"ix":1},"s":{"a":0,"k":[100,100],"ix":3},"r":{"a":0,"k":0,"ix":6},"o":{"a":0,"k":100,"ix":7},"sk":{"a":0,"k":0,"ix":4},"sa":{"a":0,"k":0,"ix":5},"nm":"Transform"}],"nm":"Group 1","np":3,"cix":2,"bm":0,"ix":1,"mn":"ADBE Vector Group","hd":false}],"ip":0,"op":360.000014663101,"st":0,"bm":0},{"ddd":0,"ind":6,"ty":4,"nm":"line1-3 Outlines","sr":1,"ks":{"o":{"a":0,"k":100,"ix":11},"r":{"a":0,"k":0,"ix":10},"p":{"a":1,"k":[{"i":{"x":0.667,"y":1},"o":{"x":0.333,"y":0},"t":173,"s":[231.986,39.04,0],"to":[0,0,0],"ti":[0,0,0]},{"i":{"x":0.667,"y":0.667},"o":{"x":0.333,"y":0.333},"t":192,"s":[244.486,39.04,0],"to":[0,0,0],"ti":[0,0,0]},{"i":{"x":0.667,"y":1},"o":{"x":0.333,"y":0},"t":330,"s":[244.486,39.04,0],"to":[0,0,0],"ti":[0,0,0]},{"t":345.000014052138,"s":[232,39.04,0]}],"ix":2},"a":{"a":0,"k":[55.25,7.25,0],"ix":1},"s":{"a":0,"k":[79,100,100],"ix":6}},"ao":0,"shapes":[{"ty":"gr","it":[{"ind":0,"ty":"sh","ix":1,"ks":{"a":0,"k":{"i":[[-2.209,0],[0,0],[0,-2.209],[0,0],[2.209,0],[0,0],[0,2.209],[0,0]],"o":[[0,0],[2.209,0],[0,0],[0,2.209],[0,0],[-2.209,0],[0,0],[0,-2.209]],"v":[[-51,-7],[51,-7],[55,-3],[55,3],[51,7],[-51,7],[-55,3],[-55,-3]],"c":true},"ix":2},"nm":"Path 1","mn":"ADBE Vector Shape - Group","hd":false},{"ty":"mm","mm":4,"nm":"Merge Paths 1","mn":"ADBE Vector Filter - Merge","hd":false},{"ty":"fl","c":{"a":0,"k":[0.266666666667,0.266666666667,0.266666666667,1],"ix":4},"o":{"a":0,"k":100,"ix":5},"r":1,"bm":0,"nm":"Fill 1","mn":"ADBE Vector Graphic - Fill","hd":false},{"ty":"tr","p":{"a":0,"k":[55.25,7.25],"ix":2},"a":{"a":0,"k":[0,0],"ix":1},"s":{"a":0,"k":[100,100],"ix":3},"r":{"a":0,"k":0,"ix":6},"o":{"a":0,"k":100,"ix":7},"sk":{"a":0,"k":0,"ix":4},"sa":{"a":0,"k":0,"ix":5},"nm":"Transform"}],"nm":"Group 1","np":3,"cix":2,"bm":0,"ix":1,"mn":"ADBE Vector Group","hd":false}],"ip":0,"op":360.000014663101,"st":0,"bm":0},{"ddd":0,"ind":7,"ty":4,"nm":"line1-1 Outlines","sr":1,"ks":{"o":{"a":0,"k":100,"ix":11},"r":{"a":0,"k":0,"ix":10},"p":{"a":0,"k":[52.935,39.04,0],"ix":2},"a":{"a":0,"k":[34.75,7.25,0],"ix":1},"s":{"a":0,"k":[100,100,100],"ix":6}},"ao":0,"shapes":[{"ty":"gr","it":[{"ind":0,"ty":"sh","ix":1,"ks":{"a":0,"k":{"i":[[-2.209,0],[0,0],[0,-2.209],[0,0],[2.209,0],[0,0],[0,2.209],[0,0]],"o":[[0,0],[2.209,0],[0,0],[0,2.209],[0,0],[-2.209,0],[0,0],[0,-2.209]],"v":[[-30.5,-7],[30.5,-7],[34.5,-3],[34.5,3],[30.5,7],[-30.5,7],[-34.5,3],[-34.5,-3]],"c":true},"ix":2},"nm":"Path 1","mn":"ADBE Vector Shape - Group","hd":false},{"ty":"mm","mm":4,"nm":"Merge Paths 1","mn":"ADBE Vector Filter - Merge","hd":false},{"ty":"fl","c":{"a":0,"k":[0.266666666667,0.266666666667,0.266666666667,1],"ix":4},"o":{"a":0,"k":100,"ix":5},"r":1,"bm":0,"nm":"Fill 1","mn":"ADBE Vector Graphic - Fill","hd":false},{"ty":"tr","p":{"a":0,"k":[34.75,7.25],"ix":2},"a":{"a":0,"k":[0,0],"ix":1},"s":{"a":0,"k":[100,100],"ix":3},"r":{"a":0,"k":0,"ix":6},"o":{"a":0,"k":100,"ix":7},"sk":{"a":0,"k":0,"ix":4},"sa":{"a":0,"k":0,"ix":5},"nm":"Transform"}],"nm":"Group 1","np":3,"cix":2,"bm":0,"ix":1,"mn":"ADBE Vector Group","hd":false}],"ip":0,"op":360.000014663101,"st":0,"bm":0},{"ddd":0,"ind":8,"ty":4,"nm":"line2-3 Outlines","sr":1,"ks":{"o":{"a":0,"k":100,"ix":11},"r":{"a":0,"k":0,"ix":10},"p":{"a":0,"k":[189.935,78.04,0],"ix":2},"a":{"a":0,"k":[48.75,7.25,0],"ix":1},"s":{"a":0,"k":[100,100,100],"ix":6}},"ao":0,"shapes":[{"ty":"gr","it":[{"ind":0,"ty":"sh","ix":1,"ks":{"a":0,"k":{"i":[[-2.209,0],[0,0],[0,-2.209],[0,0],[2.209,0],[0,0],[0,2.209],[0,0]],"o":[[0,0],[2.209,0],[0,0],[0,2.209],[0,0],[-2.209,0],[0,0],[0,-2.209]],"v":[[-44.5,-7],[44.5,-7],[48.5,-3],[48.5,3],[44.5,7],[-44.5,7],[-48.5,3],[-48.5,-3]],"c":true},"ix":2},"nm":"Path 1","mn":"ADBE Vector Shape - Group","hd":false},{"ty":"mm","mm":4,"nm":"Merge Paths 1","mn":"ADBE Vector Filter - Merge","hd":false},{"ty":"fl","c":{"a":0,"k":[0.266666666667,0.266666666667,0.266666666667,1],"ix":4},"o":{"a":0,"k":100,"ix":5},"r":1,"bm":0,"nm":"Fill 1","mn":"ADBE Vector Graphic - Fill","hd":false},{"ty":"tr","p":{"a":0,"k":[48.75,7.25],"ix":2},"a":{"a":0,"k":[0,0],"ix":1},"s":{"a":0,"k":[100,100],"ix":3},"r":{"a":0,"k":0,"ix":6},"o":{"a":0,"k":100,"ix":7},"sk":{"a":0,"k":0,"ix":4},"sa":{"a":0,"k":0,"ix":5},"nm":"Transform"}],"nm":"Group 1","np":3,"cix":2,"bm":0,"ix":1,"mn":"ADBE Vector Group","hd":false}],"ip":0,"op":360.000014663101,"st":0,"bm":0},{"ddd":0,"ind":9,"ty":4,"nm":"line2-2 Outlines","sr":1,"ks":{"o":{"a":0,"k":100,"ix":11},"r":{"a":0,"k":0,"ix":10},"p":{"a":0,"k":[88.435,78.04,0],"ix":2},"a":{"a":0,"k":[43.25,7.25,0],"ix":1},"s":{"a":0,"k":[100,100,100],"ix":6}},"ao":0,"shapes":[{"ty":"gr","it":[{"ind":0,"ty":"sh","ix":1,"ks":{"a":0,"k":{"i":[[-2.209,0],[0,0],[0,-2.209],[0,0],[2.209,0],[0,0],[0,2.209],[0,0]],"o":[[0,0],[2.209,0],[0,0],[0,2.209],[0,0],[-2.209,0],[0,0],[0,-2.209]],"v":[[-39,-7],[39,-7],[43,-3],[43,3],[39,7],[-39,7],[-43,3],[-43,-3]],"c":true},"ix":2},"nm":"Path 1","mn":"ADBE Vector Shape - Group","hd":false},{"ty":"mm","mm":4,"nm":"Merge Paths 1","mn":"ADBE Vector Filter - Merge","hd":false},{"ty":"fl","c":{"a":0,"k":[0.266666666667,0.266666666667,0.266666666667,1],"ix":4},"o":{"a":0,"k":100,"ix":5},"r":1,"bm":0,"nm":"Fill 1","mn":"ADBE Vector Graphic - Fill","hd":false},{"ty":"tr","p":{"a":0,"k":[43.25,7.25],"ix":2},"a":{"a":0,"k":[0,0],"ix":1},"s":{"a":0,"k":[100,100],"ix":3},"r":{"a":0,"k":0,"ix":6},"o":{"a":0,"k":100,"ix":7},"sk":{"a":0,"k":0,"ix":4},"sa":{"a":0,"k":0,"ix":5},"nm":"Transform"}],"nm":"Group 1","np":3,"cix":2,"bm":0,"ix":1,"mn":"ADBE Vector Group","hd":false}],"ip":0,"op":360.000014663101,"st":0,"bm":0},{"ddd":0,"ind":10,"ty":4,"nm":"line2-1 Outlines","sr":1,"ks":{"o":{"a":0,"k":100,"ix":11},"r":{"a":0,"k":0,"ix":10},"p":{"a":0,"k":[26.935,78.04,0],"ix":2},"a":{"a":0,"k":[8.75,7.25,0],"ix":1},"s":{"a":0,"k":[100,100,100],"ix":6}},"ao":0,"shapes":[{"ty":"gr","it":[{"ind":0,"ty":"sh","ix":1,"ks":{"a":0,"k":{"i":[[-2.209,0],[0,0],[0,-2.209],[0,0],[2.209,0],[0,0],[0,2.209],[0,0]],"o":[[0,0],[2.209,0],[0,0],[0,2.209],[0,0],[-2.209,0],[0,0],[0,-2.209]],"v":[[-4.5,-7],[4.5,-7],[8.5,-3],[8.5,3],[4.5,7],[-4.5,7],[-8.5,3],[-8.5,-3]],"c":true},"ix":2},"nm":"Path 1","mn":"ADBE Vector Shape - Group","hd":false},{"ty":"mm","mm":4,"nm":"Merge Paths 1","mn":"ADBE Vector Filter - Merge","hd":false},{"ty":"fl","c":{"a":0,"k":[0.266666666667,0.266666666667,0.266666666667,1],"ix":4},"o":{"a":0,"k":100,"ix":5},"r":1,"bm":0,"nm":"Fill 1","mn":"ADBE Vector Graphic - Fill","hd":false},{"ty":"tr","p":{"a":0,"k":[8.75,7.25],"ix":2},"a":{"a":0,"k":[0,0],"ix":1},"s":{"a":0,"k":[100,100],"ix":3},"r":{"a":0,"k":0,"ix":6},"o":{"a":0,"k":100,"ix":7},"sk":{"a":0,"k":0,"ix":4},"sa":{"a":0,"k":0,"ix":5},"nm":"Transform"}],"nm":"Group 1","np":3,"cix":2,"bm":0,"ix":1,"mn":"ADBE Vector Group","hd":false}],"ip":0,"op":360.000014663101,"st":0,"bm":0},{"ddd":0,"ind":11,"ty":4,"nm":"back Outlines","sr":1,"ks":{"o":{"a":0,"k":100,"ix":11},"r":{"a":0,"k":0,"ix":10},"p":{"a":0,"k":[160,55,0],"ix":2},"a":{"a":0,"k":[160.25,55.25,0],"ix":1},"s":{"a":0,"k":[100,100,100],"ix":6}},"ao":0,"shapes":[{"ty":"gr","it":[{"ind":0,"ty":"sh","ix":1,"ks":{"a":0,"k":{"i":[[-4.418,0],[0,0],[0,-4.418],[0,0],[4.418,0],[0,0],[0,4.418],[0,0]],"o":[[0,0],[4.418,0],[0,0],[0,4.418],[0,0],[-4.418,0],[0,0],[0,-4.418]],"v":[[-152,-55],[152,-55],[160,-47],[160,47],[152,55],[-152,55],[-160,47],[-160,-47]],"c":true},"ix":2},"nm":"Path 1","mn":"ADBE Vector Shape - Group","hd":false},{"ty":"mm","mm":4,"nm":"Merge Paths 1","mn":"ADBE Vector Filter - Merge","hd":false},{"ty":"fl","c":{"a":0,"k":[0.117647058824,0.117647058824,0.117647058824,1],"ix":4},"o":{"a":0,"k":100,"ix":5},"r":1,"bm":0,"nm":"Fill 1","mn":"ADBE Vector Graphic - Fill","hd":false},{"ty":"tr","p":{"a":0,"k":[160.25,55.25],"ix":2},"a":{"a":0,"k":[0,0],"ix":1},"s":{"a":0,"k":[100,100],"ix":3},"r":{"a":0,"k":0,"ix":6},"o":{"a":0,"k":100,"ix":7},"sk":{"a":0,"k":0,"ix":4},"sa":{"a":0,"k":0,"ix":5},"nm":"Transform"}],"nm":"Group 1","np":3,"cix":2,"bm":0,"ix":1,"mn":"ADBE Vector Group","hd":false}],"ip":0,"op":360.000014663101,"st":0,"bm":0}],"markers":[],"chars":[{"ch":"c","size":15,"style":"Regular","w":61.82,"data":{"shapes":[{"ty":"gr","it":[{"ind":0,"ty":"sh","ix":1,"ks":{"a":0,"k":{"i":[[0,0],[11.719,0],[0,-15.186],[0,0],[-14.404,0],[-1.318,10.791],[0,0],[6.836,0],[0,11.377],[0,0],[-9.229,0],[-1.025,-6.201]],"o":[[-1.367,-10.889],[-14.404,0],[0,0],[0,15.186],[11.719,0],[0,0],[-1.025,6.055],[-9.229,0],[0,0],[0,-11.377],[6.836,0],[0,0]],"v":[[52.979,-36.475],[31.885,-54.004],[9.082,-29.98],[9.082,-23.047],[31.885,0.977],[52.979,-16.406],[44.775,-16.406],[31.738,-6.494],[17.383,-24.121],[17.383,-28.906],[31.738,-46.582],[44.775,-36.475]],"c":true},"ix":2},"nm":"c","mn":"ADBE Vector Shape - Group","hd":false}],"nm":"c","np":3,"cix":2,"bm":0,"ix":1,"mn":"ADBE Vector Group","hd":false}]},"fFamily":"SF Mono"},{"ch":"o","size":15,"style":"Regular","w":61.82,"data":{"shapes":[{"ty":"gr","it":[{"ind":0,"ty":"sh","ix":1,"ks":{"a":0,"k":{"i":[[-14.014,0],[0,14.307],[0,0],[14.014,0],[0,-14.307],[0,0]],"o":[[14.014,0],[0,0],[0,-14.307],[-14.014,0],[0,0],[0,14.307]],"v":[[30.908,0.977],[53.857,-22.461],[53.857,-30.469],[30.908,-53.906],[7.959,-30.469],[7.959,-22.461]],"c":true},"ix":2},"nm":"o","mn":"ADBE Vector Shape - Group","hd":false},{"ind":1,"ty":"sh","ix":2,"ks":{"a":0,"k":{"i":[[-9.082,0],[0,-10.4],[0,0],[9.082,0],[0,10.449],[0,0]],"o":[[9.082,0],[0,0],[0,10.449],[-9.082,0],[0,0],[0,-10.4]],"v":[[30.908,-46.582],[45.654,-29.736],[45.654,-23.242],[30.908,-6.396],[16.162,-23.242],[16.162,-29.736]],"c":true},"ix":2},"nm":"o","mn":"ADBE Vector Shape - Group","hd":false}],"nm":"o","np":5,"cix":2,"bm":0,"ix":1,"mn":"ADBE Vector Group","hd":false}]},"fFamily":"SF Mono"},{"ch":"d","size":15,"style":"Regular","w":61.82,"data":{"shapes":[{"ty":"gr","it":[{"ind":0,"ty":"sh","ix":1,"ks":{"a":0,"k":{"i":[[-12.256,0],[-2.734,5.859],[0,0],[0,0],[0,0],[0,0],[0,0],[0,0],[0,0],[7.666,0],[0,-13.574],[0,0]],"o":[[7.568,0],[0,0],[0,0],[0,0],[0,0],[0,0],[0,0],[0,0],[-2.295,-5.811],[-12.256,0],[0,0],[0,13.623]],"v":[[27.588,0.879],[43.457,-8.105],[44.385,-8.105],[44.385,0],[52.539,0],[52.539,-73.779],[44.092,-73.779],[44.092,-44.775],[43.213,-44.775],[27.588,-53.857],[7.324,-31.445],[7.324,-21.582]],"c":true},"ix":2},"nm":"d","mn":"ADBE Vector Shape - Group","hd":false},{"ind":1,"ty":"sh","ix":2,"ks":{"a":0,"k":{"i":[[8.691,0],[0,9.766],[0,0],[-8.74,0],[0,-9.766],[0,0]],"o":[[-8.74,0],[0,0],[0,-9.766],[8.691,0],[0,0],[0,9.814]],"v":[[30.029,-6.689],[15.674,-22.754],[15.674,-30.371],[30.029,-46.387],[44.336,-30.371],[44.336,-22.754]],"c":true},"ix":2},"nm":"d","mn":"ADBE Vector Shape - Group","hd":false}],"nm":"d","np":5,"cix":2,"bm":0,"ix":1,"mn":"ADBE Vector Group","hd":false}]},"fFamily":"SF Mono"},{"ch":"e","size":15,"style":"Regular","w":61.82,"data":{"shapes":[{"ty":"gr","it":[{"ind":0,"ty":"sh","ix":1,"ks":{"a":0,"k":{"i":[[0,0],[6.689,0],[0,9.717],[0,0],[0,0],[0,0],[13.77,0],[0,-13.965],[0,0],[-14.551,0],[-1.611,8.74]],"o":[[-1.465,4.639],[-9.033,0],[0,0],[0,0],[0,0],[0,-15.332],[-13.477,0],[0,0],[0,15.088],[11.133,0],[0,0]],"v":[[45.215,-13.672],[32.129,-6.201],[17.334,-22.168],[17.334,-24.316],[53.418,-24.316],[53.418,-29.492],[31.543,-53.955],[9.131,-30.811],[9.131,-22.852],[32.129,0.977],[53.271,-13.672]],"c":true},"ix":2},"nm":"e","mn":"ADBE Vector Shape - Group","hd":false},{"ind":1,"ty":"sh","ix":2,"ks":{"a":0,"k":{"i":[[-8.838,0],[0,-10.107],[0,0]],"o":[[8.545,0],[0,0],[0,-10.156]],"v":[[31.494,-46.826],[45.215,-30.615],[17.334,-30.615]],"c":true},"ix":2},"nm":"e","mn":"ADBE Vector Shape - Group","hd":false}],"nm":"e","np":5,"cix":2,"bm":0,"ix":1,"mn":"ADBE Vector Group","hd":false}]},"fFamily":"SF Mono"}]}