{"nm":"full limits","ddd":0,"h":80,"w":58,"meta":{"g":"LottieFiles Figma v57"},"layers":[{"ty":0,"nm":"Mask group","sr":1,"st":0,"op":61,"ip":0,"hd":false,"ddd":0,"bm":0,"hasMask":false,"ao":0,"ks":{"a":{"a":1,"k":[{"o":{"x":0.33,"y":1},"i":{"x":0.68,"y":1},"s":[29,40],"t":0},{"s":[29,40],"t":60}]},"s":{"a":1,"k":[{"o":{"x":0.33,"y":1},"i":{"x":0.68,"y":1},"s":[100,100],"t":0},{"s":[100,100],"t":60}]},"sk":{"a":0,"k":0},"p":{"a":1,"k":[{"o":{"x":0.33,"y":1},"i":{"x":0.68,"y":1},"s":[29,40],"t":0},{"s":[29,40],"t":60}]},"r":{"a":1,"k":[{"o":{"x":0.33,"y":1},"i":{"x":0.68,"y":1},"s":[0],"t":0},{"s":[0],"t":60}]},"sa":{"a":0,"k":0},"o":{"a":1,"k":[{"o":{"x":0.33,"y":1},"i":{"x":0.68,"y":1},"s":[100],"t":0},{"s":[100],"t":60}]}},"w":58,"h":80,"refId":"1","ind":1},{"ty":4,"nm":"Vector","sr":1,"st":0,"op":61,"ip":0,"hd":false,"ddd":0,"bm":0,"hasMask":false,"ao":0,"ks":{"a":{"a":1,"k":[{"o":{"x":0.33,"y":1},"i":{"x":0.68,"y":1},"s":[29,40],"t":0},{"s":[29,40],"t":60}]},"s":{"a":1,"k":[{"o":{"x":0.33,"y":1},"i":{"x":0.68,"y":1},"s":[100,100],"t":0},{"s":[100,100],"t":60}]},"sk":{"a":0,"k":0},"p":{"a":1,"k":[{"o":{"x":0.33,"y":1},"i":{"x":0.68,"y":1},"s":[29,40],"t":0},{"s":[29,40],"t":60}]},"r":{"a":1,"k":[{"o":{"x":0.33,"y":1},"i":{"x":0.68,"y":1},"s":[0],"t":0},{"s":[0],"t":60}]},"sa":{"a":0,"k":0},"o":{"a":1,"k":[{"o":{"x":0.33,"y":1},"i":{"x":0.68,"y":1},"s":[100],"t":0},{"s":[100],"t":60}]}},"shapes":[{"ty":"sh","bm":0,"hd":false,"nm":"","d":1,"ks":{"a":1,"k":[{"o":{"x":0.33,"y":1},"i":{"x":0.68,"y":1},"s":[{"c":true,"i":[[0,0],[0,0],[0,0],[2.73,0],[0,0],[0.59,-1.52],[0,0],[-2.73,0],[0,0],[0,0],[-1.61,-0.84],[-1.16,1.44],[0,0],[3.27,0]],"o":[[0,0],[0,0],[1.02,-2.63],[0,0],[-1.58,0],[0,0],[-1.02,2.63],[0,0],[0,0],[-0.44,1.81],[1.61,0.84],[0,0],[2.1,-2.6],[0,0]],"v":[[54.13,24],[35.1,24],[42.25,5.49],[38.66,0],[19.33,0],[15.74,2.51],[0.28,42.51],[3.87,48],[18.25,48],[11.72,75.03],[13.72,79.57],[18.44,78.56],[57.1,30.56],[54.13,24]]}],"t":0},{"s":[{"c":true,"i":[[0,0],[0,0],[0,0],[2.73,0],[0,0],[0.59,-1.52],[0,0],[-2.73,0],[0,0],[0,0],[-1.61,-0.84],[-1.16,1.44],[0,0],[3.27,0]],"o":[[0,0],[0,0],[1.02,-2.63],[0,0],[-1.58,0],[0,0],[-1.02,2.63],[0,0],[0,0],[-0.44,1.81],[1.61,0.84],[0,0],[2.1,-2.6],[0,0]],"v":[[54.13,24],[35.1,24],[42.25,5.49],[38.66,0],[19.33,0],[15.74,2.51],[0.28,42.51],[3.87,48],[18.25,48],[11.72,75.03],[13.72,79.57],[18.44,78.56],[57.1,30.56],[54.13,24]]}],"t":60}]}},{"ty":"fl","bm":0,"hd":false,"nm":"","c":{"a":1,"k":[{"o":{"x":0.33,"y":1},"i":{"x":0.68,"y":1},"s":[0.9686,0.9765,0.9804],"t":0},{"s":[0.9686,0.9765,0.9804],"t":60}]},"r":1,"o":{"a":1,"k":[{"o":{"x":0.33,"y":1},"i":{"x":0.68,"y":1},"s":[100],"t":0},{"s":[100],"t":60}]}}],"ind":2}],"v":"5.7.0","fr":60,"op":60,"ip":0,"assets":[{"nm":"[Asset] Mask group","id":"1","layers":[{"ty":4,"nm":"body","sr":1,"st":0,"op":61,"ip":0,"hd":false,"ddd":0,"bm":0,"hasMask":false,"td":1,"ao":0,"ks":{"a":{"a":1,"k":[{"o":{"x":0.33,"y":1},"i":{"x":0.68,"y":1},"s":[29,40],"t":0},{"s":[29,40],"t":60}]},"s":{"a":1,"k":[{"o":{"x":0.33,"y":1},"i":{"x":0.68,"y":1},"s":[100,100],"t":0},{"s":[100,100],"t":60}]},"sk":{"a":0,"k":0},"p":{"a":1,"k":[{"o":{"x":0.33,"y":1},"i":{"x":0.68,"y":1},"s":[29,40],"t":0},{"s":[29,40],"t":60}]},"r":{"a":1,"k":[{"o":{"x":0.33,"y":1},"i":{"x":0.68,"y":1},"s":[0],"t":0},{"s":[0],"t":60}]},"sa":{"a":0,"k":0},"o":{"a":1,"k":[{"o":{"x":0.33,"y":1},"i":{"x":0.68,"y":1},"s":[100],"t":0},{"s":[100],"t":60}]}},"ef":[],"shapes":[{"ty":"sh","bm":0,"hd":false,"nm":"","d":1,"ks":{"a":1,"k":[{"o":{"x":0.33,"y":1},"i":{"x":0.68,"y":1},"s":[{"c":true,"i":[[0,0],[0,0],[0,0],[2.73,0],[0,0],[0.59,-1.52],[0,0],[-2.73,0],[0,0],[0,0],[-1.61,-0.84],[-1.16,1.44],[0,0],[3.27,0]],"o":[[0,0],[0,0],[1.02,-2.63],[0,0],[-1.58,0],[0,0],[-1.02,2.63],[0,0],[0,0],[-0.44,1.81],[1.61,0.84],[0,0],[2.1,-2.6],[0,0]],"v":[[54.13,24],[35.1,24],[42.25,5.49],[38.66,0],[19.33,0],[15.74,2.51],[0.28,42.51],[3.87,48],[18.25,48],[11.72,75.03],[13.72,79.57],[18.44,78.56],[57.1,30.56],[54.13,24]]}],"t":0},{"s":[{"c":true,"i":[[0,0],[0,0],[0,0],[2.73,0],[0,0],[0.59,-1.52],[0,0],[-2.73,0],[0,0],[0,0],[-1.61,-0.84],[-1.16,1.44],[0,0],[3.27,0]],"o":[[0,0],[0,0],[1.02,-2.63],[0,0],[-1.58,0],[0,0],[-1.02,2.63],[0,0],[0,0],[-0.44,1.81],[1.61,0.84],[0,0],[2.1,-2.6],[0,0]],"v":[[54.13,24],[35.1,24],[42.25,5.49],[38.66,0],[19.33,0],[15.74,2.51],[0.28,42.51],[3.87,48],[18.25,48],[11.72,75.03],[13.72,79.57],[18.44,78.56],[57.1,30.56],[54.13,24]]}],"t":60}]}},{"ty":"fl","bm":0,"hd":false,"nm":"","c":{"a":1,"k":[{"o":{"x":0.33,"y":1},"i":{"x":0.68,"y":1},"s":[0.851,0.851,0.851],"t":0},{"s":[0.851,0.851,0.851],"t":60}]},"r":1,"o":{"a":1,"k":[{"o":{"x":0.33,"y":1},"i":{"x":0.68,"y":1},"s":[100],"t":0},{"s":[100],"t":60}]}}],"ind":1},{"ty":4,"nm":"front","sr":1,"st":0,"op":61,"ip":0,"hd":false,"ddd":0,"bm":0,"tt":1,"hasMask":false,"ao":0,"ks":{"a":{"a":1,"k":[{"o":{"x":0.33,"y":1},"i":{"x":0.68,"y":1},"s":[54.08,59.27],"t":0},{"s":[43.79,48.05],"t":60}]},"s":{"a":1,"k":[{"o":{"x":0.33,"y":1},"i":{"x":0.68,"y":1},"s":[100,100],"t":0},{"s":[100,100],"t":60}]},"sk":{"a":0,"k":0},"p":{"a":1,"k":[{"o":{"x":0.33,"y":1},"i":{"x":0.68,"y":1},"s":[-35.83,130.69],"t":0},{"s":[42.69,37.11],"t":60}]},"r":{"a":1,"k":[{"o":{"x":0.33,"y":1},"i":{"x":0.68,"y":1},"s":[-90],"t":0},{"s":[-90],"t":60}]},"sa":{"a":0,"k":0},"o":{"a":1,"k":[{"o":{"x":0.33,"y":1},"i":{"x":0.68,"y":1},"s":[100],"t":0},{"s":[100],"t":60}]}},"ef":[],"shapes":[{"ty":"sh","bm":0,"hd":false,"nm":"","d":1,"ks":{"a":1,"k":[{"o":{"x":0.33,"y":1},"i":{"x":0.68,"y":1},"s":[{"c":true,"i":[[0,0],[-4.8,4.12],[0,0],[0,0],[0,0],[11.52,11.54],[-4.8,4.81],[11.52,10.72]],"o":[[-11.52,-10.72],[0,0],[0,0],[0,0],[4.8,-6.87],[-11.52,-11.54],[4.8,-5.15],[0,0]],"v":[[101.8,25.77],[101.8,0],[0,0],[0,118.54],[101.8,118.54],[101.8,83.49],[101.8,54.63],[101.8,25.77]]}],"t":0},{"s":[{"c":true,"i":[[0,0],[-3.89,3.34],[0,0],[0,0],[0,0],[9.33,9.36],[-3.89,3.9],[9.33,8.69]],"o":[[-9.33,-8.69],[0,0],[0,0],[0,0],[3.89,-5.57],[-9.33,-9.36],[3.89,-4.18],[0,0]],"v":[[82.43,20.89],[82.43,0],[0,0],[0,96.1],[82.43,96.1],[82.43,67.69],[82.43,44.29],[82.43,20.89]]}],"t":60}]}},{"ty":"gf","bm":0,"hd":false,"nm":"","e":{"a":1,"k":[{"o":{"x":0.33,"y":1},"i":{"x":0.68,"y":1},"s":[115.75,98.98210144042969],"t":0},{"s":[93.87169647216797,80.16519927978516],"t":60}]},"g":{"p":2,"k":{"a":1,"k":[{"o":{"x":0.33,"y":1},"i":{"x":0.68,"y":1},"s":[0,0.2958725649141798,1,0.8732891637110243,1,0.3000392276072035,0.6231163698458204,1],"t":0},{"s":[0,0.2958725649141798,1,0.8732891637110243,1,0.3000392276072035,0.6231163698458204,1],"t":60}]}},"t":1,"a":{"a":0,"k":0},"h":{"a":0,"k":0},"s":{"a":1,"k":[{"o":{"x":0.33,"y":1},"i":{"x":0.68,"y":1},"s":[18.78190040588379,-68.4813003540039],"t":0},{"s":[15.208600044250488,-55.52009963989258],"t":60}]},"r":1,"o":{"a":1,"k":[{"o":{"x":0.33,"y":1},"i":{"x":0.68,"y":1},"s":[100],"t":0},{"s":[100],"t":60}]}}],"ind":2},{"ty":4,"nm":"body","sr":1,"st":0,"op":61,"ip":0,"hd":false,"ddd":0,"bm":0,"hasMask":false,"td":1,"ao":0,"ks":{"a":{"a":1,"k":[{"o":{"x":0.33,"y":1},"i":{"x":0.68,"y":1},"s":[29,40],"t":0},{"s":[29,40],"t":60}]},"s":{"a":1,"k":[{"o":{"x":0.33,"y":1},"i":{"x":0.68,"y":1},"s":[100,100],"t":0},{"s":[100,100],"t":60}]},"sk":{"a":0,"k":0},"p":{"a":1,"k":[{"o":{"x":0.33,"y":1},"i":{"x":0.68,"y":1},"s":[29,40],"t":0},{"s":[29,40],"t":60}]},"r":{"a":1,"k":[{"o":{"x":0.33,"y":1},"i":{"x":0.68,"y":1},"s":[0],"t":0},{"s":[0],"t":60}]},"sa":{"a":0,"k":0},"o":{"a":1,"k":[{"o":{"x":0.33,"y":1},"i":{"x":0.68,"y":1},"s":[100],"t":0},{"s":[100],"t":60}]}},"ef":[],"shapes":[{"ty":"sh","bm":0,"hd":false,"nm":"","d":1,"ks":{"a":1,"k":[{"o":{"x":0.33,"y":1},"i":{"x":0.68,"y":1},"s":[{"c":true,"i":[[0,0],[0,0],[0,0],[2.73,0],[0,0],[0.59,-1.52],[0,0],[-2.73,0],[0,0],[0,0],[-1.61,-0.84],[-1.16,1.44],[0,0],[3.27,0]],"o":[[0,0],[0,0],[1.02,-2.63],[0,0],[-1.58,0],[0,0],[-1.02,2.63],[0,0],[0,0],[-0.44,1.81],[1.61,0.84],[0,0],[2.1,-2.6],[0,0]],"v":[[54.13,24],[35.1,24],[42.25,5.49],[38.66,0],[19.33,0],[15.74,2.51],[0.28,42.51],[3.87,48],[18.25,48],[11.72,75.03],[13.72,79.57],[18.44,78.56],[57.1,30.56],[54.13,24]]}],"t":0},{"s":[{"c":true,"i":[[0,0],[0,0],[0,0],[2.73,0],[0,0],[0.59,-1.52],[0,0],[-2.73,0],[0,0],[0,0],[-1.61,-0.84],[-1.16,1.44],[0,0],[3.27,0]],"o":[[0,0],[0,0],[1.02,-2.63],[0,0],[-1.58,0],[0,0],[-1.02,2.63],[0,0],[0,0],[-0.44,1.81],[1.61,0.84],[0,0],[2.1,-2.6],[0,0]],"v":[[54.13,24],[35.1,24],[42.25,5.49],[38.66,0],[19.33,0],[15.74,2.51],[0.28,42.51],[3.87,48],[18.25,48],[11.72,75.03],[13.72,79.57],[18.44,78.56],[57.1,30.56],[54.13,24]]}],"t":60}]}},{"ty":"fl","bm":0,"hd":false,"nm":"","c":{"a":1,"k":[{"o":{"x":0.33,"y":1},"i":{"x":0.68,"y":1},"s":[0.851,0.851,0.851],"t":0},{"s":[0.851,0.851,0.851],"t":60}]},"r":1,"o":{"a":1,"k":[{"o":{"x":0.33,"y":1},"i":{"x":0.68,"y":1},"s":[100],"t":0},{"s":[100],"t":60}]}}],"ind":3},{"ty":4,"nm":"back ","sr":1,"st":0,"op":61,"ip":0,"hd":false,"ddd":0,"bm":0,"tt":1,"hasMask":false,"ao":0,"ks":{"a":{"a":1,"k":[{"o":{"x":0.33,"y":1},"i":{"x":0.68,"y":1},"s":[54,59.27],"t":0},{"s":[43.79,48.05],"t":60}]},"s":{"a":1,"k":[{"o":{"x":0.33,"y":1},"i":{"x":0.68,"y":1},"s":[100,100],"t":0},{"s":[100,100],"t":60}]},"sk":{"a":0,"k":0},"p":{"a":1,"k":[{"o":{"x":0.33,"y":1},"i":{"x":0.68,"y":1},"s":[-13.23,132.78],"t":0},{"s":[60.94,38.78],"t":60}]},"r":{"a":1,"k":[{"o":{"x":0.33,"y":1},"i":{"x":0.68,"y":1},"s":[-90],"t":0},{"s":[-90],"t":60}]},"sa":{"a":0,"k":0},"o":{"a":1,"k":[{"o":{"x":0.33,"y":1},"i":{"x":0.68,"y":1},"s":[100],"t":0},{"s":[100],"t":60}]}},"ef":[],"shapes":[{"ty":"sh","bm":0,"hd":false,"nm":"","d":1,"ks":{"a":1,"k":[{"o":{"x":0.33,"y":1},"i":{"x":0.68,"y":1},"s":[{"c":true,"i":[[0,0],[-4.79,4.12],[0,0],[0,0],[0,0],[11.5,11.54],[-4.79,4.81],[11.5,10.72]],"o":[[-11.5,-10.72],[0,0],[0,0],[0,0],[4.79,-6.87],[-11.5,-11.54],[4.79,-5.15],[0,0]],"v":[[101.64,25.77],[101.64,0],[0,0],[0,118.54],[101.64,118.54],[101.64,83.49],[101.64,54.63],[101.64,25.77]]}],"t":0},{"s":[{"c":true,"i":[[0,0],[-3.89,3.34],[0,0],[0,0],[0,0],[9.33,9.36],[-3.89,3.9],[9.33,8.69]],"o":[[-9.33,-8.69],[0,0],[0,0],[0,0],[3.89,-5.57],[-9.33,-9.36],[3.89,-4.18],[0,0]],"v":[[82.43,20.89],[82.43,0],[0,0],[0,96.1],[82.43,96.1],[82.43,67.69],[82.43,44.29],[82.43,20.89]]}],"t":60}]}},{"ty":"gf","bm":0,"hd":false,"nm":"","e":{"a":1,"k":[{"o":{"x":0.33,"y":1},"i":{"x":0.68,"y":1},"s":[12.220399856567383,35.749698638916016],"t":0},{"s":[9.945890426635742,28.959999084472656],"t":60}]},"g":{"p":2,"k":{"a":1,"k":[{"o":{"x":0.33,"y":1},"i":{"x":0.68,"y":1},"s":[0,0.42356863200898265,0.38827451646561717,1,1,0.4784705895208845,0.7176862913393507,0.9961176472925672],"t":0},{"s":[0,0.42356863200898265,0.38827451646561717,1,1,0.4784705895208845,0.7176862913393507,0.9961176472925672],"t":60}]}},"t":1,"a":{"a":0,"k":0},"h":{"a":0,"k":0},"s":{"a":1,"k":[{"o":{"x":0.33,"y":1},"i":{"x":0.68,"y":1},"s":[107.99099731445312,178.6959991455078],"t":0},{"s":[87.58049774169922,144.875],"t":60}]},"r":1,"o":{"a":1,"k":[{"o":{"x":0.33,"y":1},"i":{"x":0.68,"y":1},"s":[100],"t":0},{"s":[100],"t":60}]}}],"ind":4}]}]}